/*
SQLyog Ultimate v11.11 (32 bit)
MySQL - 5.5.49 : Database - uab_eventos
*********************************************************************
*/

/*!40101 SET NAMES utf8 */;

/*!40101 SET SQL_MODE=''*/;

/*!40014 SET @OLD_UNIQUE_CHECKS=@@UNIQUE_CHECKS, UNIQUE_CHECKS=0 */;
/*!40014 SET @OLD_FOREIGN_KEY_CHECKS=@@FOREIGN_KEY_CHECKS, FOREIGN_KEY_CHECKS=0 */;
/*!40101 SET @OLD_SQL_MODE=@@SQL_MODE, SQL_MODE='NO_AUTO_VALUE_ON_ZERO' */;
/*!40111 SET @OLD_SQL_NOTES=@@SQL_NOTES, SQL_NOTES=0 */;
CREATE DATABASE /*!32312 IF NOT EXISTS*/`uab_eventos` /*!40100 DEFAULT CHARACTER SET utf8 */;

USE `uab_eventos`;

/*Table structure for table `cert_admin` */

DROP TABLE IF EXISTS `cert_admin`;

CREATE TABLE `cert_admin` (
  `id_admin` int(11) NOT NULL AUTO_INCREMENT,
  `nome` varchar(255) DEFAULT NULL,
  `login` varchar(255) DEFAULT NULL,
  `email` varchar(255) DEFAULT NULL,
  `pass` varchar(255) DEFAULT NULL,
  `status` int(11) DEFAULT NULL,
  PRIMARY KEY (`id_admin`)
) ENGINE=InnoDB AUTO_INCREMENT=3 DEFAULT CHARSET=utf8;

/*Data for the table `cert_admin` */

insert  into `cert_admin`(`id_admin`,`nome`,`login`,`email`,`pass`,`status`) values (1,'Fábio Akira','fabio.akira','fabio.akira@ufabc.edu.br','123',1),(2,'Gustavo Uruguay','gustavo.castilho','gustavo.castilho@ufabc.edu.br','123',1);

/*Table structure for table `cert_alunocurso` */

DROP TABLE IF EXISTS `cert_alunocurso`;

CREATE TABLE `cert_alunocurso` (
  `id_alunocurso` int(11) NOT NULL AUTO_INCREMENT,
  `id_aluno` int(11) DEFAULT NULL,
  `id_curso` int(11) DEFAULT NULL,
  `id_certificado` int(11) DEFAULT NULL,
  `conceito` varchar(255) DEFAULT NULL,
  `cod_validacao` varchar(255) DEFAULT NULL,
  `status` varchar(255) DEFAULT NULL,
  `downloads` int(11) DEFAULT '0',
  `download_date` timestamp NULL DEFAULT CURRENT_TIMESTAMP,
  `faltas_em_horas` int(11) DEFAULT '0',
  `nivel` varchar(10) DEFAULT NULL,
  PRIMARY KEY (`id_alunocurso`),
  KEY `idAluno` (`id_aluno`),
  KEY `idCurso` (`id_curso`),
  KEY `id_certificado` (`id_certificado`),
  CONSTRAINT `cert_alunocurso_ibfk_1` FOREIGN KEY (`id_aluno`) REFERENCES `cert_alunos` (`id_aluno`) ON DELETE CASCADE ON UPDATE CASCADE,
  CONSTRAINT `cert_alunocurso_ibfk_2` FOREIGN KEY (`id_curso`) REFERENCES `cert_cursos` (`id_curso`) ON DELETE CASCADE ON UPDATE CASCADE,
  CONSTRAINT `cert_alunocurso_ibfk_3` FOREIGN KEY (`id_certificado`) REFERENCES `cert_certificados` (`id_certificado`) ON DELETE NO ACTION ON UPDATE NO ACTION
) ENGINE=InnoDB AUTO_INCREMENT=443 DEFAULT CHARSET=utf8;

/*Data for the table `cert_alunocurso` */

insert  into `cert_alunocurso`(`id_alunocurso`,`id_aluno`,`id_curso`,`id_certificado`,`conceito`,`cod_validacao`,`status`,`downloads`,`download_date`,`faltas_em_horas`,`nivel`) values (1,1,1,1,'A','rkz','aprovado',7,'2019-04-12 09:25:26',0,NULL),(2,2,1,1,'A','ma5','aprovado',1,'2018-05-05 10:30:57',0,NULL),(3,3,1,1,'A','7ax','aprovado',0,'2018-05-04 14:30:51',0,NULL),(4,4,1,1,'C','g9d','aprovado',4,'2018-05-14 23:29:55',0,NULL),(5,5,1,1,'B','fy8','aprovado',1,'2018-05-04 14:50:01',0,NULL),(6,6,1,1,'C','vkr','aprovado',1,'2018-05-06 08:05:15',0,NULL),(7,7,1,1,'B','r6f','aprovado',1,'2018-05-04 15:45:59',0,NULL),(8,8,1,1,'A','5xj','aprovado',1,'2018-05-04 20:37:11',0,NULL),(9,9,1,1,'A','xd9','aprovado',2,'2018-05-06 23:15:02',0,NULL),(10,10,1,1,'B','twp','aprovado',2,'2018-05-10 13:30:59',0,NULL),(11,11,1,1,'B','4c4','aprovado',2,'2018-11-15 01:45:44',0,NULL),(12,12,1,1,'B','ayq','aprovado',0,'2018-05-04 14:30:54',0,NULL),(13,13,1,1,'A','5wr','aprovado',1,'2018-05-05 15:27:05',0,NULL),(14,14,1,1,'C','utf','aprovado',0,'2018-05-04 14:30:54',0,NULL),(15,15,1,1,'A','yyn','aprovado',4,'2018-05-07 11:23:42',0,NULL),(16,16,2,1,'A','gue','aprovado',5,'2019-07-03 10:51:11',0,NULL),(17,17,2,1,'C+','2hw','aprovado',4,'2018-08-20 16:12:49',0,NULL),(18,18,2,1,'B','2fp','aprovado',14,'2018-08-20 16:05:57',0,NULL),(19,19,2,1,'A-','kby','aprovado',0,'2018-05-07 17:49:36',0,NULL),(20,20,2,1,'B','m4z','aprovado',1,'2018-05-14 15:27:56',0,NULL),(21,21,2,1,'A-','u78','aprovado',1,'2018-05-07 18:21:46',0,NULL),(22,22,2,1,'A','uur','aprovado',1,'2018-05-08 00:10:37',0,NULL),(23,23,2,1,'C+','yws','aprovado',2,'2018-05-10 23:01:19',0,NULL),(24,24,2,1,'A','k89','aprovado',1,'2018-05-11 23:54:13',0,NULL),(25,25,2,1,'A-','gdi','aprovado',2,'2018-05-08 08:16:53',0,NULL),(26,26,2,1,'A','fi7','aprovado',1,'2018-05-07 18:19:11',0,NULL),(27,27,2,1,'A','zty','aprovado',0,'2018-05-07 17:49:37',0,NULL),(28,28,2,1,'A-','kmr','aprovado',1,'2019-02-22 13:58:16',0,NULL),(29,29,2,1,'A-','5zr','aprovado',2,'2018-08-20 16:12:38',0,NULL),(30,30,2,1,'B+','6d8','aprovado',1,'2018-05-07 18:11:27',0,NULL),(31,31,2,1,'A','kw7','aprovado',0,'2018-05-07 17:49:38',0,NULL),(32,32,2,1,'A','y7h','aprovado',1,'2018-05-10 12:48:11',0,NULL),(33,33,2,1,'A','aej','aprovado',1,'2018-07-10 15:19:51',0,NULL),(34,34,2,1,'C+','38v','aprovado',1,'2018-07-18 19:08:47',0,NULL),(35,35,2,1,'A','acy','aprovado',1,'2018-05-07 19:52:26',0,NULL),(36,36,2,1,'A','v49','aprovado',1,'2018-05-09 16:33:51',0,NULL),(37,37,2,1,'A','9ue','aprovado',1,'2018-05-07 21:41:20',0,NULL),(38,38,2,1,'A','ghd','aprovado',2,'2018-05-07 20:58:09',0,NULL),(39,39,2,1,'A','a62','aprovado',0,'2018-05-07 17:49:39',0,NULL),(40,40,2,1,'C-','d7z','aprovado',2,'2018-06-04 14:27:16',0,NULL),(41,41,2,1,'A-','pa4','aprovado',1,'2018-05-07 20:39:31',0,NULL),(42,42,2,1,'B','pcn','aprovado',1,'2018-05-07 18:02:02',0,NULL),(43,43,2,1,'A','782','aprovado',2,'2018-06-20 14:00:08',0,NULL),(44,44,2,1,'A','xwu','aprovado',1,'2018-05-15 10:32:03',0,NULL),(45,45,2,1,'A','f75','aprovado',1,'2018-05-08 16:11:33',0,NULL),(46,15,2,1,'A','phe','aprovado',51,'2018-08-20 15:30:58',0,NULL),(47,46,3,1,'A','4wm','aprovado',1,'2018-05-08 00:08:49',0,NULL),(48,47,3,1,'A','mfn','aprovado',1,'2018-05-07 18:34:48',0,NULL),(49,48,3,1,'A','efi','aprovado',0,'2018-05-07 18:18:50',0,NULL),(50,49,3,1,'A','6ic','aprovado',1,'2018-05-07 23:05:45',0,NULL),(51,50,3,1,'A','fcm','aprovado',1,'2018-05-07 18:30:02',0,NULL),(52,51,3,1,'A','bhj','aprovado',0,'2018-05-07 18:18:50',0,NULL),(53,52,3,1,'A','j7a','aprovado',0,'2018-05-07 18:18:50',0,NULL),(54,53,3,1,'A','bsk','aprovado',1,'2018-05-21 10:52:04',0,NULL),(55,54,3,1,'A','3qc','aprovado',1,'2018-05-07 22:55:53',0,NULL),(56,55,3,1,'A','4gr','aprovado',0,'2018-05-07 18:18:51',0,NULL),(57,56,3,1,'A','pha','aprovado',0,'2018-05-07 18:18:51',0,NULL),(58,57,3,1,'A','b7x','aprovado',1,'2018-05-08 13:45:54',0,NULL),(59,58,3,1,'A','rth','aprovado',1,'2018-06-21 16:55:52',0,NULL),(60,59,3,1,'A','x8h','aprovado',1,'2018-06-17 20:13:45',0,NULL),(61,60,3,1,'B','hkd','aprovado',3,'2018-10-13 23:36:34',0,NULL),(62,61,3,1,'B','ydg','aprovado',1,'2018-05-08 15:32:35',0,NULL),(63,62,3,1,'B','hqb','aprovado',1,'2018-05-09 19:17:44',0,NULL),(64,63,3,1,'B','a2q','aprovado',1,'2018-05-07 23:59:06',0,NULL),(65,64,3,1,'B','t3z','aprovado',1,'2018-11-12 04:07:37',0,NULL),(66,65,3,1,'C','q95','aprovado',1,'2018-12-18 17:12:39',0,NULL),(67,66,3,1,'C','fm5','aprovado',1,'2018-05-07 18:43:49',0,NULL),(68,67,3,1,'C','icj','aprovado',3,'2018-05-08 09:26:45',0,NULL),(69,15,3,1,'A','k5n','aprovado',8,'2018-06-05 10:32:53',0,NULL),(70,68,4,1,'A+','vnr','aprovado',9,'2019-02-14 10:07:46',0,NULL),(71,69,4,1,'A+','wqc','aprovado',3,'2018-08-28 16:01:28',0,NULL),(72,70,4,1,'A+','iae','aprovado',1,'2018-06-13 14:14:21',0,NULL),(73,71,4,1,'C','rd2','aprovado',0,'2018-06-13 14:07:33',0,NULL),(74,72,4,1,'A+','3te','aprovado',1,'2018-07-13 10:47:20',0,NULL),(75,73,4,1,'A-','n2g','aprovado',2,'2018-07-17 17:27:20',0,NULL),(76,74,4,1,'A','si9','aprovado',2,'2018-09-04 17:21:52',0,NULL),(77,75,4,1,'A-','vfg','aprovado',1,'2018-06-28 08:19:39',0,NULL),(78,76,4,1,'A+','6sx','aprovado',1,'2018-06-19 11:45:55',0,NULL),(79,77,4,1,'A+','ah3','aprovado',2,'2018-06-14 12:56:48',0,NULL),(80,78,4,1,'A+','u7c','aprovado',2,'2018-07-03 15:38:25',0,NULL),(81,79,4,1,'C','mr4','aprovado',1,'2018-06-16 12:34:31',0,NULL),(82,80,4,1,'A','22p','aprovado',0,'2018-06-13 14:07:35',0,NULL),(83,81,4,1,'A+','y64','aprovado',1,'2018-06-16 12:33:21',0,NULL),(84,82,4,1,'A+','73i','aprovado',5,'2018-09-19 17:18:19',0,NULL),(85,83,4,1,'A+','fiq','aprovado',1,'2018-06-14 12:39:42',0,NULL),(86,84,4,1,'A-','iix','aprovado',2,'2018-06-14 15:52:49',0,NULL),(87,85,4,1,'A+','858','aprovado',1,'2018-06-18 19:31:28',0,NULL),(88,86,4,1,'A-','3zx','aprovado',1,'2018-06-18 09:54:52',0,NULL),(89,87,4,1,'A+','hzp','aprovado',15,'2019-05-30 06:54:25',0,NULL),(90,88,4,1,'A','tpj','aprovado',1,'2018-06-13 15:05:37',0,NULL),(91,89,4,1,'A-','325','aprovado',8,'2018-11-23 15:09:56',0,NULL),(92,90,4,1,'A+','a69','aprovado',1,'2018-06-14 07:16:40',0,NULL),(93,91,4,1,'A-','w45','aprovado',1,'2018-06-13 18:31:21',0,NULL),(94,92,4,1,'A+','e55','aprovado',2,'2019-03-11 19:07:01',0,NULL),(95,93,4,1,'A','r6k','aprovado',2,'2018-06-14 16:38:41',0,NULL),(96,15,4,1,'F','b87','Reprovado',39,'2018-07-30 14:19:09',0,NULL),(97,94,5,2,'A','5x7','Aprovado',6,'2018-08-28 16:14:32',0,NULL),(98,70,5,2,'A','wdt','Aprovado',2,'2018-08-22 12:04:13',0,NULL),(99,95,5,2,'A','a2i','Aprovado',2,'2018-10-02 21:16:44',0,NULL),(100,96,5,2,'A','wmr','Aprovado',3,'2019-05-09 18:24:21',0,NULL),(101,97,5,2,'A','467','Aprovado',1,'2018-08-22 14:05:41',0,NULL),(102,98,5,2,'A','3rz','Aprovado',1,'2018-08-22 17:52:06',0,NULL),(103,99,5,2,'A','3hb','Aprovado',0,'2018-08-20 16:47:56',0,NULL),(104,100,5,2,'A','u2z','Aprovado',2,'2018-08-22 13:04:32',0,NULL),(105,101,5,2,'A','ud2','Aprovado',1,'2018-08-22 14:18:48',0,NULL),(106,102,5,2,'A','z4q','Aprovado',3,'2018-08-23 21:01:02',0,NULL),(107,103,5,2,'A','vcc','Aprovado',5,'2018-11-05 10:03:58',0,NULL),(108,104,5,2,'A','sjd','Aprovado',1,'2018-08-22 12:06:25',0,NULL),(109,105,5,2,'A','vj2','Aprovado',1,'2018-08-22 17:43:52',0,NULL),(110,106,5,2,'A','5gj','Aprovado',3,'2018-08-23 07:57:24',0,NULL),(112,108,5,2,'A','vrt','Aprovado',4,'2018-08-23 14:53:32',0,NULL),(113,109,5,2,'A','biu','Aprovado',5,'2018-08-29 10:47:24',0,NULL),(114,110,5,2,'A','6cf','Aprovado',14,'2018-08-28 19:36:38',0,NULL),(115,111,5,2,'A','29e','Aprovado',1,'2018-08-22 23:53:26',0,NULL),(116,112,5,2,'A','bim','Aprovado',2,'2018-08-22 13:28:19',0,NULL),(117,113,5,2,'A','xr7','Aprovado',5,'2018-08-30 11:08:47',0,NULL),(118,114,5,2,'A','ra8','Aprovado',1,'2018-08-22 12:49:22',0,NULL),(119,115,5,2,'A','u8y','Aprovado',5,'2018-10-19 11:13:54',0,NULL),(120,116,5,2,'A','n49','Aprovado',2,'2018-08-22 15:03:50',0,NULL),(121,117,5,2,'A','qz5','Aprovado',4,'2018-09-18 12:56:06',0,NULL),(122,118,5,2,'A','xua','Aprovado',1,'2018-09-03 20:23:34',0,NULL),(123,119,5,2,'A','yyc','Aprovado',2,'2018-10-04 14:17:03',0,NULL),(124,120,5,2,'A','xim','Aprovado',3,'2018-08-22 12:05:48',0,NULL),(125,121,5,2,'A','x7j','Aprovado',3,'2019-03-12 15:14:27',0,NULL),(126,122,5,2,'A','s9m','Aprovado',3,'2018-09-09 23:34:51',0,NULL),(127,123,5,2,'A','3g9','Aprovado',2,'2019-03-11 17:04:04',0,NULL),(128,124,5,2,'A','ce2','Aprovado',1,'2018-08-22 13:38:13',0,NULL),(129,125,5,2,'A','2ds','Aprovado',0,'2018-08-20 16:47:56',0,NULL),(130,126,5,2,'A','ikq','Aprovado',2,'2018-09-13 09:07:49',0,NULL),(131,127,5,2,'A','xt4','Aprovado',2,'2018-08-22 16:40:50',0,NULL),(132,128,5,2,'A','d6y','Aprovado',3,'2018-08-25 17:25:10',0,NULL),(133,129,5,2,'A','dtx','Aprovado',2,'2018-08-22 12:00:34',0,NULL),(134,130,5,2,'A','kxb','Aprovado',4,'2018-12-03 13:12:27',0,NULL),(135,131,5,2,'A','fqh','Aprovado',6,'2018-09-15 14:29:43',0,NULL),(136,132,5,2,'A','4pi','Aprovado',7,'2018-08-24 15:25:52',0,NULL),(137,133,5,2,'A','9zw','Aprovado',5,'2018-09-18 13:41:12',0,NULL),(139,134,5,2,'A','usj','Aprovado',2,'2018-09-03 07:47:23',0,NULL),(140,135,5,2,'A','cu9','Aprovado',1,'2018-08-22 13:24:18',0,NULL),(141,136,5,2,'A','8td','Aprovado',2,'2018-08-27 13:17:45',0,NULL),(142,137,5,2,'A','an5','Aprovado',1,'2018-08-22 12:44:25',0,NULL),(143,138,5,2,'A','9sd','Aprovado',3,'2018-09-14 16:10:50',0,NULL),(144,139,5,2,'A','ynh','Aprovado',3,'2019-05-15 14:56:29',0,NULL),(145,140,5,2,'A','qce','Aprovado',2,'2018-10-16 18:16:17',0,NULL),(146,141,5,2,'A','xae','Aprovado',0,'2018-08-20 16:47:56',0,NULL),(147,142,5,2,'A','72q','Aprovado',0,'2018-08-20 16:47:56',0,NULL),(148,143,5,2,'A','bqj','Aprovado',2,'2019-03-29 09:38:11',0,NULL),(149,144,5,2,'A','xa5','Aprovado',1,'2018-10-16 14:57:46',0,NULL),(150,145,5,2,'A','pae','Aprovado',0,'2018-08-20 16:47:56',0,NULL),(151,146,5,2,'A','h4d','Aprovado',2,'2018-10-18 09:43:42',0,NULL),(152,147,5,2,'A','22a','Aprovado',0,'2018-08-20 16:47:56',0,NULL),(153,148,5,2,'A','r9i','Aprovado',1,'2018-09-11 17:08:34',0,NULL),(154,149,5,2,'A','p9u','Aprovado',1,'2018-09-18 13:37:18',0,NULL),(155,150,5,2,'A','nqk','Aprovado',4,'2018-09-11 17:10:34',0,NULL),(157,152,5,2,'A','tfd','Aprovado',0,'2018-08-20 16:47:56',0,NULL),(158,153,5,2,'A','shg','Aprovado',1,'2018-09-14 17:48:38',0,NULL),(159,154,5,2,'A','srz','Aprovado',1,'2018-08-31 15:07:50',0,NULL),(160,155,5,2,'A','xqk','Aprovado',3,'2019-01-14 09:17:14',0,NULL),(161,156,5,2,'A','nqq','Aprovado',2,'2018-08-23 08:34:52',0,NULL),(162,157,5,2,'A','qes','Aprovado',3,'2018-08-26 12:16:28',0,NULL),(163,158,5,2,'A','gj5','Aprovado',1,'2018-08-22 13:34:01',0,NULL),(164,159,5,2,'A','vxc','Aprovado',0,'2018-08-20 16:47:56',0,NULL),(165,160,5,2,'A','442','Aprovado',3,'2018-08-22 17:04:11',0,NULL),(166,161,5,2,'A','era','Aprovado',2,'2018-08-22 13:29:46',0,NULL),(167,162,5,2,'A','qfq','Aprovado',2,'2019-01-10 14:27:03',0,NULL),(168,163,5,2,'A','3jh','Aprovado',5,'2018-10-16 17:33:52',0,NULL),(169,164,5,2,'A','79f','Aprovado',2,'2018-08-22 13:47:28',0,NULL),(170,107,5,2,'A','aj9','Aprovado',1,'2018-08-22 14:20:03',0,NULL),(172,165,5,2,'A','zje','Aprovado',4,'2018-08-24 21:37:30',0,NULL),(173,166,5,2,'A','5ah','Aprovado',2,'2019-01-29 14:02:57',0,NULL),(174,167,5,2,'A','xrr','Aprovado',4,'2018-08-22 14:48:23',0,NULL),(175,168,5,2,'A','3au','Aprovado',8,'2018-09-11 17:07:35',0,NULL),(176,169,5,2,'A','46g','Aprovado',3,'2019-01-21 18:26:54',0,NULL),(177,170,5,2,'A','y4b','Aprovado',11,'2019-07-03 10:50:45',0,NULL),(178,171,5,2,'A','mgn','Aprovado',4,'2018-08-23 09:19:06',0,NULL),(179,172,5,2,'A','c9i','Aprovado',4,'2018-09-26 09:40:48',0,NULL),(180,173,5,2,'A','iea','aprovado',1,'2018-10-17 15:32:54',0,NULL),(181,174,5,2,'A','yn6','aprovado',4,'2019-01-07 22:54:31',0,NULL),(182,175,6,1,'A','s3x','aprovado',3,'2019-05-30 15:33:23',0,NULL),(183,15,6,1,'A','ckw','aprovado',22,'2019-07-03 10:31:29',0,NULL),(188,180,9,3,'A','zyg','aprovado',20,'2019-05-31 09:23:20',0,'A1'),(189,181,9,3,'C','7wz','aprovado',2,'2019-06-25 18:05:44',2,'A1'),(190,182,9,3,'B','nt8','aprovado',1,'2019-05-31 07:35:52',4,'A1'),(191,183,9,3,'B','efp','aprovado',1,'2019-05-31 10:12:41',6,'A1'),(192,184,9,3,'B','j2v','aprovado',2,'2019-05-30 18:21:19',6,'A1'),(193,185,9,3,'B','53h','aprovado',2,'2019-06-25 16:58:15',2,'A1'),(194,186,9,3,'B','csc','aprovado',2,'2019-06-25 18:14:10',4,'A1'),(195,187,9,3,'B','z7p','aprovado',2,'2019-06-26 16:08:36',8,'A1'),(196,188,9,3,'B','u84','aprovado',2,'2019-06-25 21:52:54',4,'A1'),(197,189,9,3,'B','bfc','aprovado',1,'2019-05-31 07:39:20',0,'A1'),(198,190,9,3,'B','wbd','aprovado',2,'2019-06-26 08:42:28',6,'A1'),(199,191,9,3,'B','ref','aprovado',3,'2019-06-28 12:22:22',2,'A1'),(200,192,9,3,'B','85k','aprovado',1,'2019-06-25 19:50:21',8,'A1'),(201,193,9,3,'A','i3y','aprovado',1,'2019-06-26 14:00:08',6,'A1'),(202,194,9,3,'B','v5w','aprovado',4,'2019-06-26 08:17:42',6,'A1'),(203,195,9,3,'B','ekz','aprovado',3,'2019-06-03 16:46:17',6,'A1'),(204,196,9,3,'B','cnz','aprovado',2,'2019-06-25 17:04:47',2,'A1'),(205,197,9,3,'C','6c2','aprovado',10,'2019-06-25 16:53:54',8,'A1'),(206,198,10,3,'A','w76','aprovado',8,'2019-06-25 16:13:17',2,NULL),(207,199,10,3,'A','imc','aprovado',17,'2019-06-25 17:22:24',0,NULL),(208,200,10,3,'A','jj8','aprovado',5,'2019-06-25 17:37:38',2,NULL),(209,201,10,3,'A','zgq','aprovado',6,'2019-07-03 00:16:57',6,NULL),(210,202,10,3,'B','rxr','aprovado',1,'2019-06-07 15:13:08',7,NULL),(211,203,10,3,'A','3q5','aprovado',3,'2019-06-25 16:57:30',0,NULL),(212,204,10,3,'A','dgg','aprovado',6,'2019-06-26 08:24:24',3,NULL),(213,205,10,3,'A','i3c','aprovado',13,'2019-07-02 14:51:43',2,NULL),(214,206,10,3,'B','cyf','aprovado',3,'2019-06-27 10:03:51',0,NULL),(215,207,10,3,'A','vu6','aprovado',7,'2019-06-28 06:25:46',0,NULL),(216,208,10,3,'A','chx','aprovado',6,'2019-06-25 16:26:51',0,NULL),(218,210,10,3,'A','p8k','aprovado',7,'2019-06-26 06:20:27',0,NULL),(219,211,10,3,'A','i8r','aprovado',9,'2019-06-26 01:08:55',2,NULL),(220,212,10,3,'B','uj5','aprovado',0,'2019-05-30 15:53:49',8,NULL),(221,213,11,3,'B','qyj','Aprovado',14,'2019-07-01 21:16:26',2,NULL),(223,214,11,3,'A','yas','Aprovado',5,'2019-06-25 17:07:12',0,NULL),(224,215,11,3,'B','rwi','Aprovado',2,'2019-06-25 20:45:49',2,NULL),(225,216,11,3,'A','ycw','Aprovado',0,'2019-05-30 16:07:25',0,NULL),(226,217,11,3,'A','zjj','Aprovado',5,'2019-06-28 20:23:21',4,NULL),(227,218,11,3,'A','728','Aprovado',2,'2019-05-30 18:58:28',0,NULL),(228,219,11,3,'A','z8n','Aprovado',3,'2019-05-31 00:18:02',0,NULL),(229,220,11,3,'B','tbw','Aprovado',4,'2019-06-27 01:10:56',2,NULL),(230,221,11,3,'A','zex','Aprovado',9,'2019-06-30 12:18:48',0,NULL),(231,222,11,3,'B','ind','Aprovado',9,'2019-06-25 21:54:34',0,NULL),(232,223,11,3,'B','gvj','Aprovado',4,'2019-06-06 16:28:56',4,NULL),(233,224,11,3,'A','4ji','Aprovado',1,'2019-05-30 22:42:04',2,NULL),(234,225,11,3,'A','4aa','Aprovado',9,'2019-06-27 12:18:15',4,NULL),(235,226,12,3,'B','53c','aprovado',4,'2019-06-27 15:34:00',2,NULL),(236,227,12,3,'A','v76','aprovado',1,'2019-06-03 16:59:50',4,NULL),(237,228,12,3,'A','qtb','aprovado',5,'2019-06-25 16:11:44',0,NULL),(238,229,12,3,'A','4fi','aprovado',4,'2019-06-27 09:57:58',2,NULL),(239,230,12,3,'A','vkq','aprovado',2,'2019-06-26 10:49:40',4,NULL),(240,231,12,3,'B','rqf','aprovado',21,'2019-06-03 17:12:21',7,NULL),(241,232,12,3,'A','ens','aprovado',1,'2019-05-30 18:15:45',4,NULL),(242,233,12,3,'B','5ie','aprovado',2,'2019-06-27 20:53:43',8,NULL),(243,234,12,3,'A','jiv','aprovado',0,'2019-05-30 17:03:29',4,NULL),(244,235,12,3,'A','kq9','aprovado',1,'2019-06-28 22:38:14',2,NULL),(245,236,12,3,'B','7py','aprovado',0,'2019-05-30 17:03:29',4,NULL),(246,237,12,3,'B','mbq','aprovado',3,'2019-06-17 22:26:57',10,NULL),(247,238,12,3,'B','cat','aprovado',4,'2019-06-25 16:41:45',6,NULL),(248,239,12,3,'A','2ip','aprovado',1,'2019-06-11 21:46:41',4,NULL),(249,240,12,3,'A','nkv','aprovado',1,'2019-05-30 22:49:30',6,NULL),(250,241,12,3,'B','ama','aprovado',2,'2019-05-30 18:53:19',10,NULL),(251,242,13,3,'B','j4a','Aprovado',0,'2019-05-30 17:24:19',12,NULL),(252,243,13,3,'B','6jf','Aprovado',0,'2019-05-30 17:24:19',14,NULL),(253,244,13,3,'C','5cy','Aprovado',1,'2019-05-30 20:20:05',0,NULL),(254,245,13,3,'C','6vx','Aprovado',3,'2019-06-25 18:58:04',14,NULL),(255,246,13,3,'B','ss8','Aprovado',2,'2019-06-27 13:54:56',8,NULL),(256,247,13,3,'C','j4q','Aprovado',0,'2019-05-30 17:24:19',13,NULL),(257,248,13,3,'B','ikz','Aprovado',1,'2019-05-31 08:17:31',14,NULL),(258,249,13,3,'B','u2q','Aprovado',5,'2019-06-28 08:20:35',14,NULL),(259,250,13,3,'C','2gg','Aprovado',3,'2019-06-26 09:15:18',0,NULL),(260,251,13,3,'B','th2','Aprovado',1,'2019-06-25 15:14:01',12,NULL),(261,252,13,3,'B','3fb','Aprovado',1,'2019-06-01 17:45:32',10,NULL),(262,253,13,3,'B','u7n','Aprovado',2,'2019-05-31 08:06:54',4,NULL),(263,254,13,3,'B','2x6','Aprovado',2,'2019-06-26 08:38:25',10,NULL),(264,255,13,3,'B','rqx','Aprovado',3,'2019-06-25 15:21:25',6,NULL),(265,256,13,3,'B','rnk','Aprovado',3,'2019-06-26 08:09:29',8,NULL),(266,257,13,3,'C','7kd','Aprovado',2,'2019-06-25 15:30:48',14,NULL),(267,258,13,3,'B','cdh','Aprovado',4,'2019-06-25 16:42:51',14,NULL),(268,259,13,3,'C','gg5','Aprovado',0,'2019-05-30 17:24:20',14,NULL),(269,260,13,3,'B','eti','Aprovado',1,'2019-06-03 00:08:54',8,NULL),(270,261,13,3,'C','kci','Aprovado',2,'2019-06-25 19:46:12',12,NULL),(271,262,13,3,'B','nbx','Aprovado',0,'2019-05-30 17:24:20',12,NULL),(272,263,13,3,'C','qmw','Aprovado',1,'2019-06-10 15:26:28',14,NULL),(273,264,13,3,'C','9vg','Aprovado',2,'2019-06-25 15:13:52',14,NULL),(274,265,13,3,'A','7w2','Aprovado',1,'2019-06-01 02:52:05',8,NULL),(275,266,13,3,'B','rke','Aprovado',1,'2019-05-31 01:24:58',10,NULL),(276,267,13,3,'B','74y','Aprovado',1,'2019-05-30 18:05:00',12,NULL),(277,268,14,3,'A','vrx','Aprovado',3,'2019-06-25 16:00:22',6,NULL),(278,269,14,3,'A','jbh','Aprovado',1,'2019-07-01 23:15:47',8,NULL),(279,270,14,3,'A','hsv','Aprovado',2,'2019-06-13 14:24:57',2,NULL),(280,271,14,3,'A','9t7','Aprovado',1,'2019-06-04 12:58:39',6,NULL),(281,272,14,3,'A','64q','Aprovado',3,'2019-06-06 20:17:10',6,NULL),(282,273,14,3,'B','rmf','Aprovado',3,'2019-06-24 16:03:34',6,NULL),(283,274,14,3,'A','i5h','Aprovado',2,'2019-06-17 16:57:52',2,NULL),(284,275,14,3,'A','adi','Aprovado',4,'2019-06-26 08:15:31',4,NULL),(285,276,14,3,'B','4jp','Aprovado',1,'2019-06-02 23:25:04',0,NULL),(286,277,14,3,'B','y7e','Aprovado',4,'2019-06-25 15:13:20',6,NULL),(287,278,14,3,'B','kv4','Aprovado',3,'2019-06-26 12:08:19',12,NULL),(288,279,14,3,'A','hs6','Aprovado',5,'2019-06-26 17:30:52',12,NULL),(289,280,14,3,'B','awb','Aprovado',2,'2019-06-26 08:21:29',8,NULL),(290,281,14,3,'A','kgm','Aprovado',2,'2019-05-31 12:13:05',8,NULL),(291,282,14,3,'B','374','Aprovado',6,'2019-06-25 19:35:59',12,NULL),(292,283,14,3,'A','rzg','Aprovado',2,'2019-07-01 11:21:31',6,NULL),(293,284,14,3,'B','nai','Aprovado',2,'2019-06-25 15:13:21',6,NULL),(294,285,14,3,'A','r2y','Aprovado',1,'2019-05-31 13:44:46',2,NULL),(295,286,15,3,'C','ppd','aprovado',9,'2019-07-02 16:31:05',6,NULL),(296,287,15,3,'B','6eq','aprovado',2,'2019-06-26 00:23:07',10,NULL),(297,288,15,3,'B','kgn','aprovado',2,'2019-06-25 17:15:46',6,NULL),(298,289,15,3,'B','xyf','aprovado',2,'2019-06-25 19:12:25',6,NULL),(299,290,15,3,'B','yhq','aprovado',2,'2019-06-27 15:40:03',8,NULL),(300,78,15,3,'B','3qz','aprovado',4,'2019-07-02 16:10:05',6,NULL),(301,291,15,3,'A','zxw','aprovado',4,'2019-06-26 10:27:23',4,NULL),(302,292,15,3,'A','fnm','aprovado',1,'2019-06-06 10:38:31',2,NULL),(303,293,15,3,'A','urw','aprovado',3,'2019-06-26 12:16:13',4,NULL),(304,294,15,3,'A','eaa','aprovado',2,'2019-06-25 15:25:47',8,NULL),(305,295,15,3,'A','s2p','aprovado',3,'2019-06-10 22:52:52',12,NULL),(306,296,15,3,'B','ypx','aprovado',2,'2019-06-30 18:03:56',10,NULL),(307,297,15,3,'C','5tt','aprovado',2,'2019-05-30 18:50:00',6,NULL),(308,298,15,3,'A','nmr','aprovado',10,'2019-06-24 16:21:14',8,NULL),(309,299,15,3,'A','icy','aprovado',2,'2019-05-30 21:09:03',8,NULL),(310,300,15,3,'A','zd9','aprovado',4,'2019-06-26 17:20:51',12,NULL),(311,301,15,3,'A','5aw','aprovado',1,'2019-06-26 21:22:42',4,NULL),(312,302,15,3,'B','3jt','aprovado',0,'2019-05-30 17:40:42',12,NULL),(313,303,15,3,'B','tzg','aprovado',2,'2019-06-26 17:39:49',6,NULL),(314,304,15,3,'A','k7f','aprovado',0,'2019-05-30 17:40:42',4,NULL),(315,305,15,3,'A','wmv','aprovado',2,'2019-07-02 18:55:10',6,NULL),(316,306,15,3,'A','nt5','aprovado',2,'2019-06-26 17:50:19',12,NULL),(317,307,15,3,'A','2vr','aprovado',3,'2019-07-01 12:35:57',8,NULL),(318,308,15,3,'B','u4b','aprovado',0,'2019-05-30 17:40:42',4,NULL),(319,309,15,3,'A','48u','aprovado',1,'2019-05-30 18:46:00',6,NULL),(320,310,15,3,'A','nrg','aprovado',10,'2019-06-25 14:37:25',4,NULL),(321,311,15,3,'C','82a','aprovado',0,'2019-05-30 17:40:42',4,NULL),(322,312,15,3,'B','g2q','aprovado',2,'2019-06-12 10:32:41',2,NULL),(323,313,15,3,'A','ksm','aprovado',0,'2019-05-30 17:40:42',4,NULL),(324,314,15,3,'A','nz8','aprovado',1,'2019-05-30 18:27:11',12,NULL),(325,315,15,3,'C','hha','aprovado',3,'2019-05-31 09:53:51',4,NULL),(332,322,16,3,'B','2kv','aprovado',3,'2019-06-25 15:02:52',2,NULL),(333,323,16,3,'B','8sa','aprovado',4,'2019-06-04 14:18:49',12,NULL),(334,324,16,3,'C','j7c','aprovado',2,'2019-06-26 07:17:45',6,NULL),(335,325,16,3,'B','yce','aprovado',1,'2019-06-04 14:00:15',6,NULL),(336,326,16,3,'A','9as','aprovado',2,'2019-06-25 14:25:56',4,NULL),(337,6,16,3,'B','8jf','aprovado',4,'2019-06-25 17:01:15',5,NULL),(338,327,16,3,'A','2jm','aprovado',2,'2019-06-25 14:32:16',8,NULL),(339,328,16,3,'B','273','aprovado',2,'2019-06-25 14:54:39',8,NULL),(340,329,16,3,'C','vrk','aprovado',3,'2019-06-26 16:16:44',6,NULL),(341,330,16,3,'B','ccs','aprovado',1,'2019-06-04 15:33:18',10,NULL),(342,331,16,3,'A','ck8','aprovado',0,'2019-06-04 13:54:41',6,NULL),(343,332,16,3,'B','j28','aprovado',1,'2019-06-04 14:21:57',2,NULL),(344,333,16,3,'C','agg','aprovado',1,'2019-06-07 14:02:48',12,NULL),(345,334,16,3,'A','w2j','aprovado',1,'2019-06-25 14:41:53',10,NULL),(346,335,16,3,'C','qm3','aprovado',10,'2019-06-25 15:55:48',12,NULL),(347,336,16,3,'B','3hg','aprovado',4,'2019-06-04 15:23:58',2,NULL),(348,337,16,3,'B','vby','aprovado',1,'2019-06-05 10:16:44',6,NULL),(349,338,16,3,'B','fq9','aprovado',3,'2019-06-25 14:26:10',12,NULL),(350,339,17,3,'A','2va','aprovado',4,'2019-06-25 13:09:53',6,NULL),(351,340,17,3,'B','78m','aprovado',3,'2019-06-05 00:27:29',0,NULL),(352,341,17,3,'A','87a','aprovado',3,'2019-06-25 12:58:27',8,NULL),(353,342,17,3,'C','zg3','aprovado',2,'2019-06-26 04:11:00',8,NULL),(354,343,17,3,'A','c7r','aprovado',2,'2019-06-07 17:37:15',4,NULL),(355,344,17,3,'A','twj','aprovado',4,'2019-06-25 13:07:16',6,NULL),(356,345,17,3,'A','kpw','aprovado',4,'2019-06-25 13:40:03',2,NULL),(357,346,17,3,'A','9x4','aprovado',1,'2019-06-11 13:51:18',4,NULL),(358,347,17,3,'C','jty','aprovado',2,'2019-06-25 15:17:12',4,NULL),(359,348,17,3,'A','3sm','aprovado',2,'2019-06-25 13:19:08',2,NULL),(360,349,17,3,'B','pcg','aprovado',2,'2019-06-25 13:01:15',10,NULL),(361,350,17,3,'B','k6u','aprovado',2,'2019-06-04 18:04:13',10,NULL),(362,351,17,3,'A','pc6','aprovado',1,'2019-06-04 15:25:24',2,NULL),(363,352,17,3,'A','pu7','aprovado',4,'2019-06-25 13:24:44',10,NULL),(364,353,17,3,'A','hpk','aprovado',0,'2019-06-04 14:46:21',4,NULL),(365,354,17,3,'A','mmf','aprovado',2,'2019-06-04 14:56:33',0,NULL),(366,355,17,3,'A','hwu','aprovado',3,'2019-06-06 01:45:57',2,NULL),(367,356,17,3,'A','hvb','aprovado',1,'2019-06-04 14:57:44',0,NULL),(368,357,17,3,'A','9sj','aprovado',1,'2019-06-04 16:03:10',10,NULL),(369,358,17,3,'A','fax','aprovado',3,'2019-06-26 17:15:12',6,NULL),(370,359,17,3,'A','thz','aprovado',1,'2019-06-04 17:23:04',4,NULL),(371,360,17,3,'A','q7s','aprovado',2,'2019-06-25 15:24:22',0,NULL),(372,361,17,3,'A','bpp','aprovado',4,'2019-07-01 20:20:50',8,NULL),(373,362,17,3,'A','m39','aprovado',1,'2019-06-04 15:35:46',8,NULL),(374,363,17,3,'A','uzt','aprovado',3,'2019-06-26 11:07:20',8,NULL),(375,364,17,3,'A','r28','aprovado',1,'2019-06-27 16:53:08',2,NULL),(376,365,18,3,'A','fu4','aprovado',3,'2019-06-06 19:23:48',0,NULL),(377,366,18,3,'A','8f6','aprovado',2,'2019-06-04 17:53:31',0,NULL),(378,367,18,3,'A','fpm','aprovado',3,'2019-06-30 19:14:37',2,NULL),(379,368,18,3,'A','nd8','aprovado',4,'2019-06-25 11:26:53',0,NULL),(380,369,18,3,'A','xax','aprovado',4,'2019-06-06 19:01:54',0,NULL),(381,370,18,3,'A','rbf','aprovado',2,'2019-06-25 12:10:04',0,NULL),(382,371,18,3,'A','62q','aprovado',2,'2019-06-04 17:20:27',2,NULL),(383,372,18,3,'A','rkb','aprovado',3,'2019-06-25 11:30:32',4,NULL),(384,373,18,3,'A','m3i','aprovado',2,'2019-06-09 09:37:58',0,NULL),(385,374,18,3,'A','vsi','aprovado',4,'2019-06-28 19:11:15',0,NULL),(386,375,18,3,'A','5rd','aprovado',3,'2019-06-25 18:54:37',0,NULL),(387,376,18,3,'A','thd','aprovado',5,'2019-06-16 10:31:12',0,NULL),(388,377,18,3,'A','afv','aprovado',3,'2019-06-25 15:58:31',0,NULL),(389,378,18,3,'A','ekd','aprovado',3,'2019-06-25 11:28:59',2,NULL),(390,379,18,3,'A','ewi','aprovado',4,'2019-06-25 12:39:22',4,NULL),(391,380,18,3,'A','sc6','aprovado',3,'2019-06-11 07:52:09',0,NULL),(392,381,18,3,'A','dfd','aprovado',4,'2019-06-09 08:21:35',0,NULL),(393,382,18,3,'A','irp','aprovado',2,'2019-06-13 10:15:04',0,NULL),(394,383,18,3,'A','u9w','aprovado',1,'2019-06-04 16:26:12',0,NULL),(395,384,18,3,'A','xx5','aprovado',1,'2019-06-04 17:09:54',4,NULL),(396,385,18,3,'A','52w','aprovado',5,'2019-06-25 15:48:41',10,NULL),(397,386,18,3,'A','7it','aprovado',3,'2019-06-25 11:22:15',8,NULL),(398,387,18,3,'A','98e','aprovado',0,'2019-06-04 14:52:11',8,NULL),(399,388,18,3,'A','33b','aprovado',1,'2019-06-26 09:08:17',6,NULL),(400,389,18,3,'A','3ch','aprovado',8,'2019-06-25 11:17:34',4,NULL),(401,390,18,3,'A','cei','aprovado',2,'2019-06-04 17:31:50',2,NULL),(402,391,18,3,'A','dga','aprovado',1,'2019-06-05 08:32:38',2,NULL),(403,392,18,3,'A','muk','aprovado',2,'2019-06-04 16:23:51',0,NULL),(404,393,18,3,'A','g84','aprovado',1,'2019-06-10 14:02:06',4,NULL),(405,394,18,3,'A','jiw','aprovado',4,'2019-06-04 20:15:25',0,NULL),(406,395,18,3,'A','iwr','aprovado',1,'2019-06-04 16:36:32',8,NULL),(407,396,18,3,'A','p75','aprovado',3,'2019-06-08 22:08:19',2,NULL),(408,397,19,3,'A','qq2','aprovado',3,'2019-06-14 22:32:01',4,NULL),(409,398,19,3,'B','ajs','aprovado',2,'2019-06-15 11:42:20',10,NULL),(410,399,19,3,'A','bgb','aprovado',1,'2019-06-13 13:11:29',4,NULL),(411,400,19,3,'A','ww8','aprovado',5,'2019-07-01 06:29:18',0,NULL),(412,401,19,3,'B','gxc','aprovado',4,'2019-06-25 17:46:18',8,NULL),(413,402,19,3,'A','zhc','aprovado',4,'2019-07-01 09:32:59',4,NULL),(414,403,19,3,'B','yi3','aprovado',1,'2019-06-13 20:12:57',6,NULL),(415,404,19,3,'B','d22','aprovado',1,'2019-06-13 10:24:40',10,NULL),(416,405,19,3,'A','xny','aprovado',2,'2019-06-30 14:38:21',6,NULL),(417,406,19,3,'A','h2b','aprovado',2,'2019-06-13 16:18:09',2,NULL),(418,407,19,3,'C','3kv','aprovado',4,'2019-07-02 16:25:54',4,NULL),(419,408,19,3,'A','im9','aprovado',4,'2019-06-25 13:40:46',0,NULL),(420,409,19,3,'B','e8u','aprovado',1,'2019-06-13 10:29:26',4,NULL),(421,410,19,3,'A','xxd','aprovado',3,'2019-06-25 11:54:58',4,NULL),(422,411,19,3,'B','e9r','aprovado',2,'2019-06-29 09:36:46',8,NULL),(423,412,19,3,'B','8qf','aprovado',18,'2019-07-03 10:10:19',6,NULL),(424,413,19,3,'A','afn','aprovado',2,'2019-06-25 11:47:28',4,NULL),(425,414,19,3,'A','3it','aprovado',1,'2019-06-13 11:01:18',0,NULL),(426,415,19,3,'A','arm','aprovado',3,'2019-06-25 11:29:46',2,NULL),(427,416,19,3,'A','dfk','aprovado',3,'2019-06-13 18:16:57',0,NULL),(428,417,19,3,'A','ezv','aprovado',2,'2019-06-25 15:27:29',4,NULL),(429,418,19,3,'A','pwp','aprovado',2,'2019-06-25 17:13:10',2,NULL),(430,419,19,3,'A','q6g','aprovado',1,'2019-06-13 11:32:14',8,NULL),(431,420,19,3,'B','u2e','aprovado',2,'2019-06-13 14:16:04',8,NULL),(432,421,19,3,'A','w2d','aprovado',5,'2019-06-15 22:05:35',0,NULL),(433,422,19,3,'B','yb9','aprovado',17,'2019-06-25 12:22:09',10,NULL),(434,423,19,3,'B','4ye','aprovado',5,'2019-06-30 19:19:37',0,NULL),(435,424,19,3,'A','w74','aprovado',1,'2019-06-13 14:39:29',2,NULL),(436,425,19,3,'B','dhk','aprovado',2,'2019-06-13 10:30:42',8,NULL),(437,426,19,3,'A','uky','aprovado',1,'2019-06-13 12:23:10',4,NULL),(438,427,19,3,'B','k3j','aprovado',0,'2019-06-13 10:23:07',4,NULL),(439,428,19,3,'A','yu7','aprovado',1,'2019-06-16 16:49:43',6,NULL),(440,429,10,3,'B','ws7','aprovado',1,'2019-06-26 01:04:02',0,NULL),(441,430,11,3,'A','uz6','aprovado',9,'2019-06-28 16:51:42',0,NULL);

/*Table structure for table `cert_alunos` */

DROP TABLE IF EXISTS `cert_alunos`;

CREATE TABLE `cert_alunos` (
  `id_aluno` int(11) NOT NULL AUTO_INCREMENT,
  `nome` varchar(255) NOT NULL,
  `email` varchar(255) NOT NULL,
  `statusEmail` int(11) DEFAULT '0',
  `cpf` varchar(14) DEFAULT NULL,
  `rne` varchar(9) DEFAULT NULL,
  `created` timestamp NULL DEFAULT CURRENT_TIMESTAMP,
  `modified` timestamp NULL DEFAULT '0000-00-00 00:00:00',
  PRIMARY KEY (`id_aluno`),
  UNIQUE KEY `UNIQUE` (`email`)
) ENGINE=InnoDB AUTO_INCREMENT=431 DEFAULT CHARSET=utf8;

/*Data for the table `cert_alunos` */

insert  into `cert_alunos`(`id_aluno`,`nome`,`email`,`statusEmail`,`cpf`,`rne`,`created`,`modified`) values (1,'Alexia Ysabelli Antunes','alexia.antunes@aluno.ufabc.edu.br',0,NULL,NULL,'2018-05-04 14:30:51','0000-00-00 00:00:00'),(2,'Bryan Bialokur Da Cruz','bryan.bialokur@aluno.ufabc.edu.br',0,NULL,NULL,'2018-05-04 14:30:51','0000-00-00 00:00:00'),(3,'Carla Das Virgens Pequini','carla.pequini@aluno.ufabc.edu.br',0,NULL,NULL,'2018-05-04 14:30:51','0000-00-00 00:00:00'),(4,'Cassiano Minoru Aono','cassiano.aono@aluno.ufabc.edu.br',0,NULL,NULL,'2018-05-04 14:30:52','0000-00-00 00:00:00'),(5,'Fábio Kenji Akamine','fabio.akamine@aluno.ufabc.edu.br',0,NULL,NULL,'2018-05-04 14:30:53','0000-00-00 00:00:00'),(6,'Felipe Delmondes Aires De Brito','felipe.delmondes@aluno.ufabc.edu.br',0,NULL,NULL,'2018-05-04 14:30:53','0000-00-00 00:00:00'),(7,'Fernanda Do Prado Vieira','fernanda.prado@aluno.ufabc.edu.br',0,NULL,NULL,'2018-05-04 14:30:53','0000-00-00 00:00:00'),(8,'Gabriel Gouveia Barbosa','gabriel.barbosa@aluno.ufabc.edu.br',0,NULL,NULL,'2018-05-04 14:30:53','0000-00-00 00:00:00'),(9,'Giovanna Baptista Mazzolim','g.mazzolim@aluno.ufabc.edu.br',0,NULL,NULL,'2018-05-04 14:30:53','0000-00-00 00:00:00'),(10,'Juliana Conceição De Almeida','j.almeida@aluno.ufabc.edu.br',0,NULL,NULL,'2018-05-04 14:30:53','0000-00-00 00:00:00'),(11,'Rafael Ponte Bandeira Serrão Da Costa','rafael.ponte@aluno.ufabc.edu.br',0,NULL,NULL,'2018-05-04 14:30:53','0000-00-00 00:00:00'),(12,'Raul Nolasco Ribeiro De Souza','nolasco.raul@aluno.ufabc.edu.br',0,NULL,NULL,'2018-05-04 14:30:54','0000-00-00 00:00:00'),(13,'Rodrigo Torres Zaia','rodrigo.zaia@aluno.ufabc.edu.br',0,NULL,NULL,'2018-05-04 14:30:54','0000-00-00 00:00:00'),(14,'Tamara Cristina De Souza Costa','tamara.costa@aluno.ufabc.edu.br',0,NULL,NULL,'2018-05-04 14:30:54','0000-00-00 00:00:00'),(15,'Fábio Akira','fabio.akira@ufabc.edu.br',0,'25278332840','','2018-05-04 14:30:54','0000-00-00 00:00:00'),(16,'Ailton Paulo De Oliveira Júnior','ailton.junior@ufabc.edu.br',0,NULL,NULL,'2018-05-07 17:49:36','0000-00-00 00:00:00'),(17,'Alex Sandro Mendes De Oliveira','alex.oliveira@aluno.ufabc.edu.br',0,NULL,NULL,'2018-05-07 17:49:36','0000-00-00 00:00:00'),(18,'Aluízio Marino','aluizio.marino@ufabc.edu.br',0,NULL,NULL,'2018-05-07 17:49:36','0000-00-00 00:00:00'),(19,'Anderson Ferreira Costa','costa.anderson@ufabc.edu.br',0,NULL,NULL,'2018-05-07 17:49:36','0000-00-00 00:00:00'),(20,'Cayo Antônio Soares De Almeida','cayo.almeida@ufabc.edu.br',0,NULL,NULL,'2018-05-07 17:49:37','0000-00-00 00:00:00'),(21,'Cesar Monzu Freire','cesar.freire@ufabc.edu.br',0,NULL,NULL,'2018-05-07 17:49:37','0000-00-00 00:00:00'),(22,'Daniel Victor Amaral Chiaretti','daniel.chiaretti@aluno.ufabc.edu.br',0,NULL,NULL,'2018-05-07 17:49:37','0000-00-00 00:00:00'),(23,'Davi Wilkson Furtado Sozinho','davi.sozinho@ufabc.edu.br',0,NULL,NULL,'2018-05-07 17:49:37','0000-00-00 00:00:00'),(24,'Diego Rodrigues Dias Dos Santos','diego.rodrigues@ufabc.edu.br',0,NULL,NULL,'2018-05-07 17:49:37','0000-00-00 00:00:00'),(25,'Elizabeth Teodorov','elizabeth.teodorov@ufabc.edu.br',0,NULL,NULL,'2018-05-07 17:49:37','0000-00-00 00:00:00'),(26,'Hebert Freitas Dos Santos','hebert.freitas@ufabc.edu.br',0,NULL,NULL,'2018-05-07 17:49:37','0000-00-00 00:00:00'),(27,'Inês Aparecida Santos','ines.santos@ufabc.edu.br',0,NULL,NULL,'2018-05-07 17:49:37','0000-00-00 00:00:00'),(28,'Isabel Cristina De Sousa','isabel.sousa@ufabc.edu.br',0,NULL,NULL,'2018-05-07 17:49:38','0000-00-00 00:00:00'),(29,'João Paulo Gois','joao.gois@ufabc.edu.br',0,NULL,NULL,'2018-05-07 17:49:38','0000-00-00 00:00:00'),(30,'José Fernando De Toledo','fernando.toledo@ufabc.edu.br',0,NULL,NULL,'2018-05-07 17:49:38','0000-00-00 00:00:00'),(31,'Leonardo Frasson Dos Reis','frasson.reis@ufabc.edu.br',0,NULL,NULL,'2018-05-07 17:49:38','0000-00-00 00:00:00'),(32,'Maira Martins Garcia','maira.garcia@ufabc.edu.br',0,NULL,NULL,'2018-05-07 17:49:38','0000-00-00 00:00:00'),(33,'Marcelo Martins','martins.marcelo@ufabc.edu.br',0,NULL,NULL,'2018-05-07 17:49:38','0000-00-00 00:00:00'),(34,'Mônica Schroder','monica.schroder@ufabc.edu.br',0,NULL,NULL,'2018-05-07 17:49:38','0000-00-00 00:00:00'),(35,'Patrícia Eliane Fiscarelli','patricia.fiscarelli@ufabc.edu.br',0,NULL,NULL,'2018-05-07 17:49:39','0000-00-00 00:00:00'),(36,'Renata Torres Da Costa','renata.torres@ufabc.edu.br',0,NULL,NULL,'2018-05-07 17:49:39','0000-00-00 00:00:00'),(37,'Rodrigo De Souza Pimenta','rodrigo.pimenta@ufabc.edu.br',0,NULL,NULL,'2018-05-07 17:49:39','0000-00-00 00:00:00'),(38,'Rogério Ramos De Sousa Júnior','rogerio.sousa@ufabc.edu.br',0,NULL,NULL,'2018-05-07 17:49:39','0000-00-00 00:00:00'),(39,'Rosana Pereira Mendonça','rosana.mendonca@ufabc.edu.br',0,NULL,NULL,'2018-05-07 17:49:39','0000-00-00 00:00:00'),(40,'Samantha Dean','sammyrs@gmail.com',0,NULL,NULL,'2018-05-07 17:49:39','0000-00-00 00:00:00'),(41,'Samyr Machado Querobino','samyr.machado@ufabc.edu.br',0,NULL,NULL,'2018-05-07 17:49:39','0000-00-00 00:00:00'),(42,'Sílvia Lenyra Meirelles Campos Titotto','silvia.titotto@ufabc.edu.br',0,NULL,NULL,'2018-05-07 17:49:40','0000-00-00 00:00:00'),(43,'Vanessa De Magalhães Pina','vanessa.pina@ufabc.edu.br',0,NULL,NULL,'2018-05-07 17:49:40','0000-00-00 00:00:00'),(44,'Vivian Maringolo','vivian.maringolo@ufabc.edu.br',0,NULL,NULL,'2018-05-07 17:49:40','0000-00-00 00:00:00'),(45,'Wesley Góis','wesley.gois@ufabc.edu.br',0,NULL,NULL,'2018-05-07 17:49:40','0000-00-00 00:00:00'),(46,'Adriana Silva De Araújo','adriana.araujo@ufabc.edu.br',0,NULL,NULL,'2018-05-07 18:18:49','0000-00-00 00:00:00'),(47,'Alberto Da Silva Seguro','alberto.seguro@ufabc.edu.br',0,NULL,NULL,'2018-05-07 18:18:49','0000-00-00 00:00:00'),(48,'Caio Augusto Navarro','caio.navarro@aluno.ufabc.edu.br',0,NULL,NULL,'2018-05-07 18:18:50','0000-00-00 00:00:00'),(49,'Cristine Koehler Zanella','cristine.zanella@ufabc.edu.br',0,NULL,NULL,'2018-05-07 18:18:50','0000-00-00 00:00:00'),(50,'Francisco Barbosa Do Nascimento','francisco.b@aluno.ufabc.edu.br',0,NULL,NULL,'2018-05-07 18:18:50','0000-00-00 00:00:00'),(51,'Iseli Lourenço Nantes','ilnantes@ufabc.edu.br',0,NULL,NULL,'2018-05-07 18:18:50','0000-00-00 00:00:00'),(52,'Jeyson Ferreira Alves','jeyson.alves@ufabc.edu.br',0,NULL,NULL,'2018-05-07 18:18:50','0000-00-00 00:00:00'),(53,'Júlia Nader Dietrich','dietrich.julia@gmail.com',0,NULL,NULL,'2018-05-07 18:18:50','0000-00-00 00:00:00'),(54,'Juliana Casares Araújo Chaves','casares.juliana@ufabc.edu.br',0,NULL,NULL,'2018-05-07 18:18:50','0000-00-00 00:00:00'),(55,'Luciana Batista','luciana.batista@ufabc.edu.br',0,NULL,NULL,'2018-05-07 18:18:51','0000-00-00 00:00:00'),(56,'Maria Teresa Carthery','teresa.carthery@ufabc.edu.br',0,NULL,NULL,'2018-05-07 18:18:51','0000-00-00 00:00:00'),(57,'Naomi Akiba','naomi.akiba@ufabc.edu.br',0,NULL,NULL,'2018-05-07 18:18:51','0000-00-00 00:00:00'),(58,'Natália Thaís Gonçalves Koiyama','koiyama.natalia@ufabc.edu.br',0,NULL,NULL,'2018-05-07 18:18:51','0000-00-00 00:00:00'),(59,'Roseli Hiromi Sato','roseli.sato@ufabc.edu.br',0,NULL,NULL,'2018-05-07 18:18:51','0000-00-00 00:00:00'),(60,'Érica Gislaine Aparecida De Miranda','erica.miranda@ufabc.edu.br',0,NULL,NULL,'2018-05-07 18:18:51','0000-00-00 00:00:00'),(61,'Fernando Augusto De Oliveira Ribeiro','oliveira.fernando@ufabc.edu.br',0,NULL,NULL,'2018-05-07 18:18:52','0000-00-00 00:00:00'),(62,'Francisco José Fraga Da Silva','francisco.fraga@ufabc.edu.br',0,NULL,NULL,'2018-05-07 18:18:52','0000-00-00 00:00:00'),(63,'Leandro Antônio De Oliveira','leandro.oliveira@ufabc.edu.br',0,NULL,NULL,'2018-05-07 18:18:52','0000-00-00 00:00:00'),(64,'Luciana Xavier De Oliveira','luciana.oliveira@ufabc.edu.br',0,NULL,NULL,'2018-05-07 18:18:52','0000-00-00 00:00:00'),(65,'Carine Santana De Souza Ribeiro','carinessr@gmail.com',0,NULL,NULL,'2018-05-07 18:18:52','0000-00-00 00:00:00'),(66,'Rafaela Vilela Da Rocha Campos','rafaela.rocha@ufabc.edu.br',0,NULL,NULL,'2018-05-07 18:18:52','0000-00-00 00:00:00'),(67,'Walkyria Elissa Heidorne Machado','walkyria.machado@ufabc.edu.br',0,NULL,NULL,'2018-05-07 18:18:52','0000-00-00 00:00:00'),(68,'Aderson Zottis','aderson.zottis@ufabc.edu.br',0,NULL,NULL,'2018-06-13 14:07:33','0000-00-00 00:00:00'),(69,'Ana Carolina Antunes Acosta Fernandes','ana.fernandes@ufabc.edu.br',0,NULL,NULL,'2018-06-13 14:07:33','0000-00-00 00:00:00'),(70,'Angela Terumi Fushita','angela.fushita@ufabc.edu.br',0,NULL,NULL,'2018-06-13 14:07:33','0000-00-00 00:00:00'),(71,'Angélica Henrique Santos Pires De Camargo','angelica.henrique@ufabc.edu.br',0,NULL,NULL,'2018-06-13 14:07:33','0000-00-00 00:00:00'),(72,'Ariane Di Túllio','tullio.ariane@ufabc.edu.br',0,NULL,NULL,'2018-06-13 14:07:34','0000-00-00 00:00:00'),(73,'Cândida Da Silva Ferreira Barreto','candida.ferreira@ufabc.edu.br',0,NULL,NULL,'2018-06-13 14:07:34','0000-00-00 00:00:00'),(74,'Conrado Augustus De Melo','conrado.melo@ufabc.edu.br',0,NULL,NULL,'2018-06-13 14:07:34','0000-00-00 00:00:00'),(75,'Dener Martins De Oliveira','dener.martins@ufabc.edu.br',0,NULL,NULL,'2018-06-13 14:07:34','0000-00-00 00:00:00'),(76,'Egberto Marques De Lima','egberto.lima@aluno.ufabc.edu.br',0,NULL,NULL,'2018-06-13 14:07:35','0000-00-00 00:00:00'),(77,'Fernando Da Mota Lopes Junior','fernando.mota@ufabc.edu.br',0,NULL,NULL,'2018-06-13 14:07:35','0000-00-00 00:00:00'),(78,'Ivânia Juliane Ribeiro','ivania.ribeiro@ufabc.edu.br',0,NULL,NULL,'2018-06-13 14:07:35','0000-00-00 00:00:00'),(79,'Jarley Lemes Fernandes','jarley.lemes@ufabc.edu.br',0,NULL,NULL,'2018-06-13 14:07:35','0000-00-00 00:00:00'),(80,'João Paulo Gomes Alledo','joao.alledo@ufabc.edu.br',0,NULL,NULL,'2018-06-13 14:07:35','0000-00-00 00:00:00'),(81,'Layan Lima Silva','layan.lima@ufabc.edu.br',0,NULL,NULL,'2018-06-13 14:07:35','0000-00-00 00:00:00'),(82,'Lia Shizue Pauli Fuziy','lia.fuziy@ufabc.edu.br',0,NULL,NULL,'2018-06-13 14:07:36','0000-00-00 00:00:00'),(83,'Mariana Gonçalves Barbedo','mariana.barbedo@ufabc.edu.br',0,NULL,NULL,'2018-06-13 14:07:36','0000-00-00 00:00:00'),(84,'Marissol Rodrigues Felez','marissol.felez@ufabc.edu.br',0,NULL,NULL,'2018-06-13 14:07:36','0000-00-00 00:00:00'),(85,'Olivia Oliveira Ramos Do Nascimento','olivia.nascimento@ufabc.edu.br',0,NULL,NULL,'2018-06-13 14:07:36','0000-00-00 00:00:00'),(86,'Patrícia Vieira Antoniassi','vieira.antoniassi@ufabc.edu.br',0,NULL,NULL,'2018-06-13 14:07:36','0000-00-00 00:00:00'),(87,'Paulo Henrique Lixandrão Fernando','paulo.lixandrao@ufabc.edu.br',0,NULL,NULL,'2018-06-13 14:07:37','0000-00-00 00:00:00'),(88,'Rafael Arosa Prol Otero','rafael.otero@aluno.ufabc.edu.br',0,NULL,NULL,'2018-06-13 14:07:38','0000-00-00 00:00:00'),(89,'Renato Vieira De Sá','renato.vieira@aluno.ufabc.edu.br',0,NULL,NULL,'2018-06-13 14:07:38','0000-00-00 00:00:00'),(90,'Rita De Cássia Souza Bispo Soares','rita.soares@ufabc.edu.br',0,NULL,NULL,'2018-06-13 14:07:38','0000-00-00 00:00:00'),(91,'Thales Rocha De Macedo','thales.macedo@aluno.ufabc.edu.br',0,NULL,NULL,'2018-06-13 14:07:38','0000-00-00 00:00:00'),(92,'Thaynara Karolline De Almeida Bezerra','almeida.bezerra@ufabc.edu.br',0,NULL,NULL,'2018-06-13 14:07:38','0000-00-00 00:00:00'),(93,'Ugo Ibusuki','ugo.ibusuki@ufabc.edu.br',0,NULL,NULL,'2018-06-13 14:07:39','0000-00-00 00:00:00'),(94,'André Luis de Carvalho','adm.andrecarvalho@gmail.com',0,NULL,NULL,'2018-08-20 16:47:56','0000-00-00 00:00:00'),(95,'Anna Jungbluth','annajungbluth@gmail.com',0,NULL,NULL,'2018-08-20 16:47:56','0000-00-00 00:00:00'),(96,'Antonio Carlos Pereira Dos Santos Junior','linkon@unemat.br',0,NULL,NULL,'2018-08-20 16:47:56','0000-00-00 00:00:00'),(97,'Bruno Braga Fonseca','brunokbc@ufmg.br',0,NULL,NULL,'2018-08-20 16:47:56','0000-00-00 00:00:00'),(98,'Carlos Andrés Vera-Tudela','candres@ufrrj.br',0,NULL,NULL,'2018-08-20 16:47:56','0000-00-00 00:00:00'),(99,'Célia Regina Sousa Da Silva','sousa@iq.ufrj.br',0,NULL,NULL,'2018-08-20 16:47:56','0000-00-00 00:00:00'),(100,'Cleide De Lourdes Da Silva Araújo','cleide@sead.ufscar.br',0,NULL,NULL,'2018-08-20 16:47:56','0000-00-00 00:00:00'),(101,'Cristiane Fereira Lemos','cfllima@ifma.edu.br',0,NULL,NULL,'2018-08-20 16:47:56','0000-00-00 00:00:00'),(102,'Daiani Damm Tonetto Riedner','daiani.riedner@gmail.com',0,NULL,NULL,'2018-08-20 16:47:56','0000-00-00 00:00:00'),(103,'Dirceu Nogueira De Sales Duarte Junior','dirceu@ufu.br',0,NULL,NULL,'2018-08-20 16:47:56','0000-00-00 00:00:00'),(104,'Eduardo Henrique Olimpio De Gusmão','eduardogusmao@gmail.com',0,NULL,NULL,'2018-08-20 16:47:56','0000-00-00 00:00:00'),(105,'Eloisa Maia Vidal','eloisamvidal@yahoo.com.br',0,NULL,NULL,'2018-08-20 16:47:56','0000-00-00 00:00:00'),(106,'Elvis Galarça Menezes Mendes','elvisunipampa@gmail.com',0,NULL,NULL,'2018-08-20 16:47:56','0000-00-00 00:00:00'),(107,'Felipe De Brito Lima','limafb9@gmail.com',0,NULL,NULL,'2018-08-20 16:47:56','0000-00-00 00:00:00'),(108,'Francisca Monteiro Da Silva Perez','francisca.perez@ufersa.edu.br',0,NULL,NULL,'2018-08-20 16:47:56','0000-00-00 00:00:00'),(109,'Gabriel Gerber Hornink','gabrielbio@gmail.com',0,NULL,NULL,'2018-08-20 16:47:56','0000-00-00 00:00:00'),(110,'Gilberto Nunes De Ávila','gilbertoavila78@gmail.com',0,NULL,NULL,'2018-08-20 16:47:56','0000-00-00 00:00:00'),(111,'Greiciele De Carvalho Maia','greycy.maia@gmail.com',0,NULL,NULL,'2018-08-20 16:47:56','0000-00-00 00:00:00'),(112,'Guilherme José Anselmo Moreira','guilherme.anselmo.cead@gmail.com',0,NULL,NULL,'2018-08-20 16:47:56','0000-00-00 00:00:00'),(113,'Guilmer Brito Silva','guilmer.brito@prograd.ufal.br',0,NULL,NULL,'2018-08-20 16:47:56','0000-00-00 00:00:00'),(114,'Helena Brum Neto','helena.neto@iffarroupilha.edu.br',0,NULL,NULL,'2018-08-20 16:47:56','0000-00-00 00:00:00'),(115,'Hellen Corrêa Da Silva','avliscor@gmail.com',0,NULL,NULL,'2018-08-20 16:47:56','0000-00-00 00:00:00'),(116,'Iolanda Bueno De Camargo Cortelazzo','icortelazzo@utfpr.edu.br',0,NULL,NULL,'2018-08-20 16:47:56','0000-00-00 00:00:00'),(117,'Isabel Cristina Pereira Costa','isabeldead@gmail.com',0,NULL,NULL,'2018-08-20 16:47:56','0000-00-00 00:00:00'),(118,'Ivanda Maria Martins Silva','martins.ivanda@gmail.com',0,NULL,NULL,'2018-08-20 16:47:56','0000-00-00 00:00:00'),(119,'Jerônimo Medina Madruga','jeronimo.madruga@gmail.com',0,NULL,NULL,'2018-08-20 16:47:56','0000-00-00 00:00:00'),(120,'João Da Mata Liborio Filho','jlfilho@uea.edu.br',0,NULL,NULL,'2018-08-20 16:47:56','0000-00-00 00:00:00'),(121,'João Vitor Teodoro','joao.magda@gmail.com',0,NULL,NULL,'2018-08-20 16:47:56','0000-00-00 00:00:00'),(122,'Joceilton Candido Rocha','joceilton.rocha@cied.ufal.br',0,NULL,NULL,'2018-08-20 16:47:56','0000-00-00 00:00:00'),(123,'Josâne Geralda Barbosa','josane.barbosa@ifmg.edu.br',0,NULL,NULL,'2018-08-20 16:47:56','0000-00-00 00:00:00'),(124,'Júlia Marques Carvalho Da Silva','julia.silva@ifrs.edu.br',0,NULL,NULL,'2018-08-20 16:47:56','0000-00-00 00:00:00'),(125,'Kênia Aulízia Herédia','kenialit@gmail.com',0,NULL,NULL,'2018-08-20 16:47:56','0000-00-00 00:00:00'),(126,'Kesley Vieira Ramos','kesley.ramos@ifrj.edu.br',0,NULL,NULL,'2018-08-20 16:47:56','0000-00-00 00:00:00'),(127,'Leticia Pedruzzi Fonseca','lepedruce@gmail.com',0,NULL,NULL,'2018-08-20 16:47:56','0000-00-00 00:00:00'),(128,'Lilian Perotto','lilianucker@gmail.com',0,NULL,NULL,'2018-08-20 16:47:56','0000-00-00 00:00:00'),(129,'Lívia Maria De Lima Santiago','liviasantiagoead@gmail.com',0,NULL,NULL,'2018-08-20 16:47:56','0000-00-00 00:00:00'),(130,'Luciana Mendonça Rodrigues','ludemarster@gmail.com',0,NULL,NULL,'2018-08-20 16:47:56','0000-00-00 00:00:00'),(131,'Ludmila Danielle Bianchi Da Silva','ludmila.bianchi@ead.unb.br',0,NULL,NULL,'2018-08-20 16:47:56','0000-00-00 00:00:00'),(132,'Luiz Sérgio De Oliveira Barbosa','lsergio@uea.edu.br',0,NULL,NULL,'2018-08-20 16:47:56','0000-00-00 00:00:00'),(133,'Maria Bethânia Sardeiro Dos Santos','bethania@ufg.br',0,NULL,NULL,'2018-08-20 16:47:56','0000-00-00 00:00:00'),(134,'Mariéllen Ivo De Sousa','mariellen.sousa@ead.unimontes.br',0,NULL,NULL,'2018-08-20 16:47:56','0000-00-00 00:00:00'),(135,'Meire De Castro Silva','meire.castror@gmail.com',0,NULL,NULL,'2018-08-20 16:47:56','0000-00-00 00:00:00'),(136,'Nadia Beatriz Casani Belinazo','nadia.belinazo@iffarroupilha.edu.br',0,NULL,NULL,'2018-08-20 16:47:56','0000-00-00 00:00:00'),(137,'Patrícia Takaki Neves','patricia.takaki@ead.unimontes.br',0,NULL,NULL,'2018-08-20 16:47:56','0000-00-00 00:00:00'),(138,'Priscilla Maria Cardoso Garone','prigarone@gmail.com',0,NULL,NULL,'2018-08-20 16:47:56','0000-00-00 00:00:00'),(139,'Raysa Calegari Aguiar','webconf.ufes@gmail.com',0,NULL,NULL,'2018-08-20 16:47:56','0000-00-00 00:00:00'),(140,'Regina Malassise','reginamalassise@utfpr.edu.br',0,NULL,NULL,'2018-08-20 16:47:56','0000-00-00 00:00:00'),(141,'Ricardo Rios Villas Boas','ricky.gaucho19@gmail.com',0,NULL,NULL,'2018-08-20 16:47:56','0000-00-00 00:00:00'),(142,'Ricardo Thielmann','rthielmann@id.uff.br',0,NULL,NULL,'2018-08-20 16:47:56','0000-00-00 00:00:00'),(143,'Robson Fernando Pereira Da Silva','robsong3@unifei.edu.br',0,NULL,NULL,'2018-08-20 16:47:56','0000-00-00 00:00:00'),(144,'Rosana Abutakka Vasconcelos Dos Anjos','rosanaanjos@gmail.com',0,NULL,NULL,'2018-08-20 16:47:56','0000-00-00 00:00:00'),(145,'Rosangela Santos De Oliveira','rosangela.santosoli@gmail.com',0,NULL,NULL,'2018-08-20 16:47:56','0000-00-00 00:00:00'),(146,'Rosemary De Fátima Andrade','rosemaryfandrade@gmail.com',0,NULL,NULL,'2018-08-20 16:47:56','0000-00-00 00:00:00'),(147,'Silvestre Prado De Souza Neto','silvestrenet0@uol.com.br',0,NULL,NULL,'2018-08-20 16:47:56','0000-00-00 00:00:00'),(148,'Silvia De Oliveira Kist','silvia.kist@sead.ufrgs.br',0,NULL,NULL,'2018-08-20 16:47:56','0000-00-00 00:00:00'),(149,'Suzan Pagani Maranhão','sudokinha@gmail.com',0,NULL,NULL,'2018-08-20 16:47:56','0000-00-00 00:00:00'),(150,'Tânia Mara Girotto Vargas','tania.girotto@sead.ufrgs.br',0,NULL,NULL,'2018-08-20 16:47:56','0000-00-00 00:00:00'),(152,'Ubirajara Santana Assunção','ubirajarasantana6@gmail.com',0,NULL,NULL,'2018-08-20 16:47:56','0000-00-00 00:00:00'),(153,'Valério Augusto Lopes Passos','valerio.lpassos@gmail.com',0,NULL,NULL,'2018-08-20 16:47:56','0000-00-00 00:00:00'),(154,'Verônica Morales Antunes','veronicaantunes@unipampa.edu.br',0,NULL,NULL,'2018-08-20 16:47:56','0000-00-00 00:00:00'),(155,'Zélia De Fátima Seibt Do Couto','zelia.norteweb@gmail.com',0,NULL,NULL,'2018-08-20 16:47:56','0000-00-00 00:00:00'),(156,'Everton Dias','everton@ufpi.edu.br',0,NULL,NULL,'2018-08-20 16:47:56','0000-00-00 00:00:00'),(157,'Maria Luzia Fernandes Bertholino Dos Santos','mluzia@ead.uepg.br',0,NULL,NULL,'2018-08-20 16:47:56','0000-00-00 00:00:00'),(158,'Eduardo França','edox86@gmail.com',0,NULL,NULL,'2018-08-20 16:47:56','0000-00-00 00:00:00'),(159,'Danielli Veiga Carneiro','anielli@ifes.edu.br',0,NULL,NULL,'2018-08-20 16:47:56','0000-00-00 00:00:00'),(160,'Marcelo Calvosa','mvcalvosa@yahoo.com.br',0,NULL,NULL,'2018-08-20 16:47:56','0000-00-00 00:00:00'),(161,'Jorge Luis Costa','jorgelcosta@ufop.edu.br',0,NULL,NULL,'2018-08-20 16:47:56','0000-00-00 00:00:00'),(162,'Priscila C. F. Bianchi','priscilabianchi.ead@gmail.com',0,NULL,NULL,'2018-08-20 16:47:56','0000-00-00 00:00:00'),(163,'Darcius Oliveira','darcius@ufu.br',0,NULL,NULL,'2018-08-20 16:47:56','0000-00-00 00:00:00'),(164,'Daysemara Simone Santana Trindade','daysetrin@gmail.com',0,NULL,NULL,'2018-08-20 16:47:56','0000-00-00 00:00:00'),(165,'Cristiano Marins','cristianosouzamarins@yahoo.com.br',0,NULL,NULL,'2018-08-20 16:47:56','0000-00-00 00:00:00'),(166,'Wanessa Moreira De Oliveira','wanessa.oliveira@ifsudestemg.edu.br',0,NULL,NULL,'2018-08-20 16:47:56','0000-00-00 00:00:00'),(167,'Luiz Eduardo da Silva','luizedsilva@gmail.com',0,NULL,NULL,'2018-08-20 16:47:56','0000-00-00 00:00:00'),(168,'Magalí Teresinha Longhi','magali.longhi@sead.ufrgs.br',0,NULL,NULL,'2018-08-20 16:47:56','0000-00-00 00:00:00'),(169,'Maria Angélica Do Carmo Zanotto','angelicazanotto@sead.ufscar.br',0,NULL,NULL,'2018-08-20 16:47:56','0000-00-00 00:00:00'),(170,'Alexandre José De Carvalho Silva','coord.reduc@dired.ufla.br',0,NULL,NULL,'2018-08-20 16:47:57','0000-00-00 00:00:00'),(171,'Maria Isabel Accorsi','maria.accorsi@ifrs.edu.br',0,NULL,NULL,'2018-08-22 17:16:54','0000-00-00 00:00:00'),(172,'Cleder Tadeu Antão Da Silva','cleder.silva@ifmg.edu.br',0,NULL,NULL,'2018-09-11 10:02:07','0000-00-00 00:00:00'),(173,'Thiago Medeiros Barros','thiago.mdeiros@gmail.com',0,NULL,NULL,'2018-10-16 09:38:02','0000-00-00 00:00:00'),(174,'Emanuella Silva Joventino Melo','ejoventino@unilab.edu.br',0,NULL,NULL,'2018-10-16 09:38:02','0000-00-00 00:00:00'),(175,'Adrianne Marlise Mendes Brito','adrianne.brito@ufabc.edu.br',0,NULL,NULL,'2019-03-27 15:18:51','0000-00-00 00:00:00'),(178,'RÔbertõ ÇÁrlos','teste.certificado@gteste.com',0,NULL,NULL,'2019-05-03 16:45:56','0000-00-00 00:00:00'),(179,'Leonardo Wilhelm Dicaprio','teste2@yahteste.com.br',0,NULL,NULL,'2019-05-03 16:45:57','0000-00-00 00:00:00'),(180,'Alessandro Alberto Dos Santos','alessandro.santos@ufabc.edu.br',0,NULL,NULL,'2019-05-28 15:20:33','0000-00-00 00:00:00'),(181,'Alexandre Acácio de Andrade','aacacio@ufabc.edu.br',0,NULL,NULL,'2019-05-28 15:20:33','0000-00-00 00:00:00'),(182,'Aline Regina Bella','aline.bella@ufabc.edu.br',0,NULL,NULL,'2019-05-28 15:20:33','0000-00-00 00:00:00'),(183,'Andreia Prando Da Cunha','andreia.cunha@ufabc.edu.br',0,NULL,NULL,'2019-05-28 15:20:33','0000-00-00 00:00:00'),(184,'Carolina Benetti','c.benetti@ufabc.edu.br',0,NULL,NULL,'2019-05-28 15:20:33','0000-00-00 00:00:00'),(185,'Daniel Dubosselard Comin Lot','daniel.lot@ufabc.edu.br',0,NULL,NULL,'2019-05-28 15:20:33','0000-00-00 00:00:00'),(186,'Danilo Lima Zillig','danilo.zillig@ufabc.edu.br',0,NULL,NULL,'2019-05-28 15:20:33','0000-00-00 00:00:00'),(187,'Diego Marcochi De Melo','diego.marcochi@ufabc.edu.br',0,NULL,NULL,'2019-05-28 15:20:33','0000-00-00 00:00:00'),(188,'Edgard Gonçalves Cardoso','edgard.cardoso@ufabc.edu.br',0,NULL,NULL,'2019-05-28 15:20:33','0000-00-00 00:00:00'),(189,'Elza Marina Ferrari','elza.ferrari@ufabc.edu.br',0,NULL,NULL,'2019-05-28 15:20:33','0000-00-00 00:00:00'),(190,'Evelyn Celoto De Souza Borges','evelyn.celoto@ufabc.edu.br',0,NULL,NULL,'2019-05-28 15:20:33','0000-00-00 00:00:00'),(191,'Glaucon Trevisan','g.trevisan@ufabc.edu.br',0,NULL,NULL,'2019-05-28 15:20:33','0000-00-00 00:00:00'),(192,'Júlia Santos Gontzos','gontzos.julia@aluno.ufabc.edu.br',0,NULL,NULL,'2019-05-28 15:20:33','0000-00-00 00:00:00'),(193,'Juliana Dias De Almeida Martinez','juliana.almeida@ufabc.edu.br',0,NULL,NULL,'2019-05-28 15:20:33','0000-00-00 00:00:00'),(194,'Lívia Pereira de Castro','livia.castro@ufabc.edu.br',0,NULL,NULL,'2019-05-28 15:20:33','0000-00-00 00:00:00'),(195,'Mauricio Batista Fialho','mauricio.fialho@ufabc.edu.br',0,NULL,NULL,'2019-05-28 15:20:33','0000-00-00 00:00:00'),(196,'Rennê Rodrigues Rocha','renne.rodrigues@ufabc.edu.br',0,NULL,NULL,'2019-05-28 15:20:33','0000-00-00 00:00:00'),(197,'Thalita Dantas Caetano','t.dantas@aluno.ufabc.edu.br',0,NULL,NULL,'2019-05-28 15:20:33','0000-00-00 00:00:00'),(198,'Abdulrahman Adnan Mohammed Arour','ar@dt4it.com',0,NULL,NULL,'2019-05-30 15:53:49','0000-00-00 00:00:00'),(199,'Ahmad Ziad Almehdy','ziadalmehdy15@gmail.com',0,NULL,NULL,'2019-05-30 15:53:49','0000-00-00 00:00:00'),(200,'Amera Zawaidie','amoora_09@hotmail.com',0,NULL,NULL,'2019-05-30 15:53:49','0000-00-00 00:00:00'),(201,'Bassem Emad Shamseldin Mohamed Abdelrahman','basemshams30@gmail.com',0,NULL,NULL,'2019-05-30 15:53:49','0000-00-00 00:00:00'),(202,'Carlos Reynaldo Portocarrero Tovar','carlos.reynaldo@ufabc.edu.br',0,NULL,NULL,'2019-05-30 15:53:49','0000-00-00 00:00:00'),(203,'Chee Sheng Fong','sheng.fong@ufabc.edu.br',0,NULL,NULL,'2019-05-30 15:53:49','0000-00-00 00:00:00'),(204,'Diana Carolina Correa Soto','carolina.correa@ufabc.edu.br',0,NULL,NULL,'2019-05-30 15:53:49','0000-00-00 00:00:00'),(205,'Hiba Alsamsam','hiba_alsamsam@hotmail.com',0,NULL,NULL,'2019-05-30 15:53:49','0000-00-00 00:00:00'),(206,'Huda Aldaia','hudabrasil@gmail.com',0,NULL,NULL,'2019-05-30 15:53:49','0000-00-00 00:00:00'),(207,'Maha Alshwiky','maha.teacher83@gmail.com',0,NULL,NULL,'2019-05-30 15:53:49','0000-00-00 00:00:00'),(208,'Mohamad Sabouni','m-of-d@hotmail.com',0,NULL,NULL,'2019-05-30 15:53:49','0000-00-00 00:00:00'),(210,'Rasha Galabi','rash.jalabi1@gmail.com',0,NULL,NULL,'2019-05-30 15:53:49','0000-00-00 00:00:00'),(211,'Ruba Diab','anasalmoussa@outlook.com.br',0,NULL,NULL,'2019-05-30 15:53:49','0000-00-00 00:00:00'),(212,'Yury Massiel Rojas Paniagua','massiel_rp@hotmail.com',0,NULL,NULL,'2019-05-30 15:53:49','0000-00-00 00:00:00'),(213,'Abeda Malli','takritibros@hotmail.com',0,NULL,NULL,'2019-05-30 16:07:25','0000-00-00 00:00:00'),(214,'Basma Khalil Beshara Jallad','basma_k_jallad@hotmail.com',0,NULL,NULL,'2019-05-30 16:07:25','0000-00-00 00:00:00'),(215,'Eid Abdelhamid Ahmed Ali AlQazzaz','eidsite@icloud.com',0,NULL,NULL,'2019-05-30 16:07:25','0000-00-00 00:00:00'),(216,'Fatma Khazri','khazrifatma@gmail.com',0,NULL,NULL,'2019-05-30 16:07:25','0000-00-00 00:00:00'),(217,'Kousay Audi','kousayaudi@gmail.com',0,NULL,NULL,'2019-05-30 16:07:25','0000-00-00 00:00:00'),(218,'Lassaad Rezgui','lassaadrezgui71@gmail.com',0,NULL,NULL,'2019-05-30 16:07:25','0000-00-00 00:00:00'),(219,'Manar Magdy Bassuoiny AboElmagd','manar.soft2020@gmail.com',0,NULL,NULL,'2019-05-30 16:07:26','0000-00-00 00:00:00'),(220,'Mohammad Al Hourani','syrianfoodsbc@gmail.com',0,NULL,NULL,'2019-05-30 16:07:26','0000-00-00 00:00:00'),(221,'Mohammed Abdallah Hassan Ali Barakat','sh.barakat@icloud.com',0,NULL,NULL,'2019-05-30 16:07:26','0000-00-00 00:00:00'),(222,'Mohand Farid Nagah Elsayed Erouk','mohanad.farid@hotmail.com',0,NULL,NULL,'2019-05-30 16:07:26','0000-00-00 00:00:00'),(223,'Qussay Ahmed Atta Elnakhal','nakhal.q@engineer.com',0,NULL,NULL,'2019-05-30 16:07:26','0000-00-00 00:00:00'),(224,'Yousra Yousef Ali Abushady','eidsite@hotmail.com',0,NULL,NULL,'2019-05-30 16:07:26','0000-00-00 00:00:00'),(225,'Zayed Salem Mubarak Batis Alnomani','gwm-sa@hotmail.com',0,NULL,NULL,'2019-05-30 16:07:26','0000-00-00 00:00:00'),(226,'Alino Massaiuqui Silva Sato','alinomassaiuqui@gmail.com',0,NULL,NULL,'2019-05-30 17:03:29','0000-00-00 00:00:00'),(227,'Aryssa Victoria Shitara','aryssashitara@gmail.com',0,NULL,NULL,'2019-05-30 17:03:29','0000-00-00 00:00:00'),(228,'Bruno Cubateli Santos Bernardino','bruno.cubateli@aluno.ufabc.edu.br',0,NULL,NULL,'2019-05-30 17:03:29','0000-00-00 00:00:00'),(229,'Carlos Henrique Pereira Da Silva','carlos.silva@ufabc.edu.br',0,NULL,NULL,'2019-05-30 17:03:29','0000-00-00 00:00:00'),(230,'Felipe Becker','felipebecker42@gmail.com',0,NULL,NULL,'2019-05-30 17:03:29','0000-00-00 00:00:00'),(231,'Júlia Gomes Amorim','julia.gomes@aluno.ufabc.edu.br',0,NULL,NULL,'2019-05-30 17:03:29','0000-00-00 00:00:00'),(232,'Julia Oliveira Da Silva','julia.oliveira.ismart@gmail.com',0,NULL,NULL,'2019-05-30 17:03:29','0000-00-00 00:00:00'),(233,'Leonardo Almeida Do Carmo','leonardoalmeida2703@gmail.com',0,NULL,NULL,'2019-05-30 17:03:29','0000-00-00 00:00:00'),(234,'Leonardo Henrique De Macedo','leo.henrique10@hotmail.com',0,NULL,NULL,'2019-05-30 17:03:29','0000-00-00 00:00:00'),(235,'Letícia Matias de Araújo','letmts@outlook.com',0,NULL,NULL,'2019-05-30 17:03:29','0000-00-00 00:00:00'),(236,'Marcella Alvisi Reis','alvisimarcella@gmail.com',0,NULL,NULL,'2019-05-30 17:03:29','0000-00-00 00:00:00'),(237,'Melyssa Freitas Melo','mf.melo6@gmail.com',0,NULL,NULL,'2019-05-30 17:03:29','0000-00-00 00:00:00'),(238,'Paulo Henrique Souza Nakamura','paulo160600@gmail.com',0,NULL,NULL,'2019-05-30 17:03:29','0000-00-00 00:00:00'),(239,'Thais Amorim Souza','thaisinha358@gmail.com',0,NULL,NULL,'2019-05-30 17:03:29','0000-00-00 00:00:00'),(240,'Vinicius Araujo Braz','vinicius.braz@aluno.ufabc.edu.br',0,NULL,NULL,'2019-05-30 17:03:29','0000-00-00 00:00:00'),(241,'William Lombardi','wlmlombardi@gmail.com',0,NULL,NULL,'2019-05-30 17:03:29','0000-00-00 00:00:00'),(242,'Alessandra Rodrigues De Santana','alessandra.santana@gmail.com',0,NULL,NULL,'2019-05-30 17:24:19','0000-00-00 00:00:00'),(243,'Ana Carolina Soares Ribeiro','ribeiro.carolina@aluno.ufabc.edu.br',0,NULL,NULL,'2019-05-30 17:24:19','0000-00-00 00:00:00'),(244,'Antonio Guilherme Medeiros Neto','antonio.medeiros@ufabc.edu.br',0,NULL,NULL,'2019-05-30 17:24:19','0000-00-00 00:00:00'),(245,'Arthur De Almeida Penha','almeida.arthur@aluno.ufabc.edu.br',0,NULL,NULL,'2019-05-30 17:24:19','0000-00-00 00:00:00'),(246,'Camila Lira De Oliveira Carbonaro','camila.lira@aluno.ufabc.edu.br',0,NULL,NULL,'2019-05-30 17:24:19','0000-00-00 00:00:00'),(247,'Caroline Martins Freire Leite','caroline.martins@aluno.ufabc.edu.br',0,NULL,NULL,'2019-05-30 17:24:19','0000-00-00 00:00:00'),(248,'Cecilia Silva Vioto','cecilia.vioto@ufabc.edu.br',0,NULL,NULL,'2019-05-30 17:24:19','0000-00-00 00:00:00'),(249,'Gabrielli Finck Saweljew Da Fonseca','gabrielli.finck@aluno.ufabc.edu.br',0,NULL,NULL,'2019-05-30 17:24:19','0000-00-00 00:00:00'),(250,'Marilia Mayumi Augusto Dos Santos','marilia.santos@ufabc.edu.br',0,NULL,NULL,'2019-05-30 17:24:20','0000-00-00 00:00:00'),(251,'Suzan Martina Pereira De Queiroz','suzan.martina@aluno.ufabc.edu.br',0,NULL,NULL,'2019-05-30 17:24:20','0000-00-00 00:00:00'),(252,'Zózimo Adeodato Fernandes','z.adeodato@ufabc.edu.br',0,NULL,NULL,'2019-05-30 17:24:20','0000-00-00 00:00:00'),(253,'Alessandra Monteiro Diniz','alessandra.diniz@ufabc.edu.br',0,NULL,NULL,'2019-05-30 17:24:20','0000-00-00 00:00:00'),(254,'Alexandr Kornev','alexandr.kornev@ufabc.edu.br',0,NULL,NULL,'2019-05-30 17:24:20','0000-00-00 00:00:00'),(255,'Alexandra Couto Cruz','alexandra.cruz@ufabc.edu.br',0,NULL,NULL,'2019-05-30 17:24:20','0000-00-00 00:00:00'),(256,'Beatriz Mendes De Lima Teixeira','beatriz.mendes@aluno.ufabc.edu.br',0,NULL,NULL,'2019-05-30 17:24:20','0000-00-00 00:00:00'),(257,'Bruna Almeida Dos Santos','a.bruna@aluno.ufabc.edu.br',0,NULL,NULL,'2019-05-30 17:24:20','0000-00-00 00:00:00'),(258,'Camila Da Silva Passos','passos.camila@aluno.ufabc.edu.br',0,NULL,NULL,'2019-05-30 17:24:20','0000-00-00 00:00:00'),(259,'Djanary Falkenstein Fraga Da Silva','djanary.falkenstein@aluno.ufabc.edu.br',0,NULL,NULL,'2019-05-30 17:24:20','0000-00-00 00:00:00'),(260,'Ednilson Donisete De França Junior','junior.franca@aluno.ufabc.edu.br',0,NULL,NULL,'2019-05-30 17:24:20','0000-00-00 00:00:00'),(261,'Eduardo Palhares Junior','eduardo.palharesjr@ufabc.edu.br',0,NULL,NULL,'2019-05-30 17:24:20','0000-00-00 00:00:00'),(262,'Juliana Zanolli Colussi','juliana.colussi@aluno.ufabc.edu.br',0,NULL,NULL,'2019-05-30 17:24:20','0000-00-00 00:00:00'),(263,'Karina Auxiliadora Brenes Argüello','karina.arguello@ufabc.edu.br',0,NULL,NULL,'2019-05-30 17:24:20','0000-00-00 00:00:00'),(264,'Leonardo Ferreira Eugênio','leonardo.eugenio@ufabc.edu.br',0,NULL,NULL,'2019-05-30 17:24:20','0000-00-00 00:00:00'),(265,'Lucas Fernandes Muniz','l.muniz@aluno.ufabc.edu.br',0,NULL,NULL,'2019-05-30 17:24:20','0000-00-00 00:00:00'),(266,'Naira Vieira Machado','naira.machado@ufabc.edu.br',0,NULL,NULL,'2019-05-30 17:24:20','0000-00-00 00:00:00'),(267,'Thamires Silva Rocha','geothrocha@gmail.com',0,NULL,NULL,'2019-05-30 17:24:20','0000-00-00 00:00:00'),(268,'Alexssandra Thais Pereira Alves De Souza','alexssandra.thais@aluno.ufabc.edu.br',0,NULL,NULL,'2019-05-30 17:30:29','0000-00-00 00:00:00'),(269,'Fabiola Filgueira Deiro Dos Santos','fabiola.deiro@aluno.ufabc.edu.br',0,NULL,NULL,'2019-05-30 17:30:29','0000-00-00 00:00:00'),(270,'Gabriel Jose Da Silva','gabriel.jose@aluno.ufabc.edu.br',0,NULL,NULL,'2019-05-30 17:30:29','0000-00-00 00:00:00'),(271,'Heloísa Brandão Monte','heloisa.b@aluno.ufabc.edu.br',0,NULL,NULL,'2019-05-30 17:30:29','0000-00-00 00:00:00'),(272,'Henrique De Souza Fukushigue','henrique.fukushigue@aluno.ufabc.edu.br',0,NULL,NULL,'2019-05-30 17:30:29','0000-00-00 00:00:00'),(273,'Júlio Cambanco','c.julio@ufabc.edu.br',0,NULL,NULL,'2019-05-30 17:30:29','0000-00-00 00:00:00'),(274,'Karina Araujo Oliveira','karina.araujo@aluno.ufabc.edu.br',0,NULL,NULL,'2019-05-30 17:30:29','0000-00-00 00:00:00'),(275,'Matheus Costa Damasceno','matheus.costa@aluno.ufabc.edu.br',0,NULL,NULL,'2019-05-30 17:30:29','0000-00-00 00:00:00'),(276,'Mayara Aparecida Campos','campos.mayara@aluno.ufabc.edu.br',0,NULL,NULL,'2019-05-30 17:30:29','0000-00-00 00:00:00'),(277,'Melyssa Freitas Melo','f.melo@aluno.ufabc.edu.br',0,NULL,NULL,'2019-05-30 17:30:29','0000-00-00 00:00:00'),(278,'Nílcio Regueira Dias','nilcio.dias@ufabc.edu.br',0,NULL,NULL,'2019-05-30 17:30:29','0000-00-00 00:00:00'),(279,'Pedro Ivo G. F. A. Cardoso','pedro.ufabc@bol.com.br',0,NULL,NULL,'2019-05-30 17:30:29','0000-00-00 00:00:00'),(280,'Rafaella Boer Zanon Da Silva','rafaella.zanon@aluno.ufabc.edu.br',0,NULL,NULL,'2019-05-30 17:30:29','0000-00-00 00:00:00'),(281,'Roberta Albino Dos Reis','roberta.reis@ufabc.edu.br',0,NULL,NULL,'2019-05-30 17:30:29','0000-00-00 00:00:00'),(282,'Rodrigo Augusto Dos Santos','r.augusto@aluno.ufabc.edu.br',0,NULL,NULL,'2019-05-30 17:30:29','0000-00-00 00:00:00'),(283,'Stephanie Nagasava Da Costa','s.nagasava@aluno.ufabc.edu.br',0,NULL,NULL,'2019-05-30 17:30:29','0000-00-00 00:00:00'),(284,'Victor Ricardo Candido Torres Silva','vick.ricardo.97@gmail.com',0,NULL,NULL,'2019-05-30 17:30:29','0000-00-00 00:00:00'),(285,'Yasmin Martinez Peres','yasmin.peres@aluno.ufabc.edu.br',0,NULL,NULL,'2019-05-30 17:30:29','0000-00-00 00:00:00'),(286,'Alcides Herbert Oneda','alcides.oneda@ufabc.edu.br',0,NULL,NULL,'2019-05-30 17:40:41','0000-00-00 00:00:00'),(287,'Alessandra Sabino Pereira','pereira.a@aluno.ufabc.edu.br',0,NULL,NULL,'2019-05-30 17:40:41','0000-00-00 00:00:00'),(288,'Carlos Eduardo Tofolis','carlos.tofolis@ufabc.edu.br',0,NULL,NULL,'2019-05-30 17:40:41','0000-00-00 00:00:00'),(289,'Gabriel Horacio De Jesus Soprijo','gabriel.soprijo@aluno.ufabc.edu.br',0,NULL,NULL,'2019-05-30 17:40:42','0000-00-00 00:00:00'),(290,'Ingrid Guimarães Gaigher','gaigher.ingrid@aluno.ufabc.edu.br',0,NULL,NULL,'2019-05-30 17:40:42','0000-00-00 00:00:00'),(291,'Jackeline Adany Mendes Dos Santos','jackeline.adany@aluno.ufabc.edu.br',0,NULL,NULL,'2019-05-30 17:40:42','0000-00-00 00:00:00'),(292,'José Marques de Araújo Júnior','jose.marques@aluno.ufabc.edu.br',0,NULL,NULL,'2019-05-30 17:40:42','0000-00-00 00:00:00'),(293,'Karina Justo De Oliveira','karina.justo@ufabc.edu.br',0,NULL,NULL,'2019-05-30 17:40:42','0000-00-00 00:00:00'),(294,'Natalia Emelianova','natalia.emelianova@ufabc.edu.br',0,NULL,NULL,'2019-05-30 17:40:42','0000-00-00 00:00:00'),(295,'Pedro Henrique Rocha Mendes','mendes.pedro@aluno.ufabc.edu.br',0,NULL,NULL,'2019-05-30 17:40:42','0000-00-00 00:00:00'),(296,'Tainari Taioka','tainari.taioka@ufabc.edu.br',0,NULL,NULL,'2019-05-30 17:40:42','0000-00-00 00:00:00'),(297,'Tatiana Souza Da Cruz','tatiana.souza@aluno.ufabc.edu.br',0,NULL,NULL,'2019-05-30 17:40:42','0000-00-00 00:00:00'),(298,'Vinícius Henrique Especoto','vinicius.especoto@aluno.ufabc.edu.br',0,NULL,NULL,'2019-05-30 17:40:42','0000-00-00 00:00:00'),(299,'William Alves Dos Santos','willsantos_1999@hotmail.com',0,NULL,NULL,'2019-05-30 17:40:42','0000-00-00 00:00:00'),(300,'Agatha Hurba Nunes','agatha.h@aluno.ufabc.edu.br',0,NULL,NULL,'2019-05-30 17:40:42','0000-00-00 00:00:00'),(301,'Aldenísio Moraes Correia','aldenisio.m@ufabc.edu.br',0,NULL,NULL,'2019-05-30 17:40:42','0000-00-00 00:00:00'),(302,'Alex Freitas De Lisboa','a.lisboa@aluno.ufabc.edu.br',0,NULL,NULL,'2019-05-30 17:40:42','0000-00-00 00:00:00'),(303,'Andrea Carolina Gutierrez Gomez','andrea.gutierrez@ufabc.edu.br',0,NULL,NULL,'2019-05-30 17:40:42','0000-00-00 00:00:00'),(304,'Arthur Da Silva Sousa Santos','santos.arthur@aluno.ufabc.edu.br',0,NULL,NULL,'2019-05-30 17:40:42','0000-00-00 00:00:00'),(305,'Duvan Alejandro Castellanos Gonzalez','duvan.castellanos@ufabc.edu.br',0,NULL,NULL,'2019-05-30 17:40:42','0000-00-00 00:00:00'),(306,'Felipe Roberto Martins De Andrade','felipe.roberto@aluno.ufabc.edu.br',0,NULL,NULL,'2019-05-30 17:40:42','0000-00-00 00:00:00'),(307,'Giuliana Cassoni','giu.cassoni@outlook.com',0,NULL,NULL,'2019-05-30 17:40:42','0000-00-00 00:00:00'),(308,'Helio Gaziolla','helio.gaziolla@ufabc.edu.br',0,NULL,NULL,'2019-05-30 17:40:42','0000-00-00 00:00:00'),(309,'Juacy Silva Nascimento Santos','juacy.silva@aluno.ufabc.edu.br',0,NULL,NULL,'2019-05-30 17:40:42','0000-00-00 00:00:00'),(310,'Marcelo D\'Ambrosi De Melo','marcelo.ambrosi@aluno.ufabc.edu.br',0,NULL,NULL,'2019-05-30 17:40:42','0000-00-00 00:00:00'),(311,'Patrícia Ramos Silva dos Santos','patricia.ramos@ufabc.edu.br',0,NULL,NULL,'2019-05-30 17:40:42','0000-00-00 00:00:00'),(312,'Pedro Henrique Cerqueira Serafim','cerqueira.pedro@aluno.ufabc.edu.br',0,NULL,NULL,'2019-05-30 17:40:42','0000-00-00 00:00:00'),(313,'Romario De Souza Gois','r.gois@aluno.ufabc.edu.br',0,NULL,NULL,'2019-05-30 17:40:42','0000-00-00 00:00:00'),(314,'Talita De Paula Duarte','talita.duarte@aluno.ufabc.edu.br',0,NULL,NULL,'2019-05-30 17:40:42','0000-00-00 00:00:00'),(315,'Valtair Fernandes Dos Santos','valtair.fernandes@ufabc.edu.br',0,NULL,NULL,'2019-05-30 17:40:42','0000-00-00 00:00:00'),(322,'Ana Elizabeth Dias Rizzi','ana.rizzi@aluno.ufabc.edu.br',0,NULL,NULL,'2019-06-04 13:54:41','0000-00-00 00:00:00'),(323,'Bruno Da Silva Domingues','bruno.d@aluno.ufabc.edu.br',0,NULL,NULL,'2019-06-04 13:54:41','0000-00-00 00:00:00'),(324,'Caique Cappucci Bismarck','caique.bismarck@aluno.ufabc.edu.br',0,NULL,NULL,'2019-06-04 13:54:41','0000-00-00 00:00:00'),(325,'Camila Coimbra Gomes Santos','coimbra.camila@aluno.ufabc.edu.br',0,NULL,NULL,'2019-06-04 13:54:41','0000-00-00 00:00:00'),(326,'Cássia Gonçalves De Souza','cassia.souza@ufabc.edu.br',0,NULL,NULL,'2019-06-04 13:54:41','0000-00-00 00:00:00'),(327,'Ieda Carolina Mantovani Claro','ieda.carolina@aluno.ufabc.edu.br',0,NULL,NULL,'2019-06-04 13:54:41','0000-00-00 00:00:00'),(328,'Katherine Benites Bonato Marana','katherine.marana@aluno.ufabc.edu.br',0,NULL,NULL,'2019-06-04 13:54:41','0000-00-00 00:00:00'),(329,'Kelly Cristina Silva Firmino','kelly.firmino@ufabc.edu.br',0,NULL,NULL,'2019-06-04 13:54:41','0000-00-00 00:00:00'),(330,'Kevin Zavala Mattos','zavala.mattos@aluno.ufabc.edu.br',0,NULL,NULL,'2019-06-04 13:54:41','0000-00-00 00:00:00'),(331,'Lucas Bandeira','lucas.bandeira@aluno.ufabc.edu.br',0,NULL,NULL,'2019-06-04 13:54:41','0000-00-00 00:00:00'),(332,'Luiz Fellipe Dos Santos De Freitas','felipe.luiz@aluno.ufabc.edu.br',0,NULL,NULL,'2019-06-04 13:54:41','0000-00-00 00:00:00'),(333,'Maria José Charfuelan Villarreal','maria.jose@ufabc.edu.br',0,NULL,NULL,'2019-06-04 13:54:41','0000-00-00 00:00:00'),(334,'Matheus Rodrigues De Barros','b.matheus@aluno.ufabc.edu.br',0,NULL,NULL,'2019-06-04 13:54:41','0000-00-00 00:00:00'),(335,'Mikael Servilha','mikael.s@aluno.ufabc.edu.br',0,NULL,NULL,'2019-06-04 13:54:41','0000-00-00 00:00:00'),(336,'Nathanael Pericles','pericles.nathanael@ufabc.edu.br',0,NULL,NULL,'2019-06-04 13:54:41','0000-00-00 00:00:00'),(337,'Priscila Germano Dos Santos','priscila.germano@ufabc.edu.br',0,NULL,NULL,'2019-06-04 13:54:41','0000-00-00 00:00:00'),(338,'Rodrigo Cabrera Castaldoni','c.castaldoni@aluno.ufabc.edu.br',0,NULL,NULL,'2019-06-04 13:54:41','0000-00-00 00:00:00'),(339,'Adinan Alves De Brito Filho','adinanbrito@live.com',0,NULL,NULL,'2019-06-04 14:46:20','0000-00-00 00:00:00'),(340,'Ana Elisa Meireles De Barros Ribeiro','anaelisambr2000@gmail.com',0,NULL,NULL,'2019-06-04 14:46:21','0000-00-00 00:00:00'),(341,'Gabriel Clarim Pereira','g.clarim@hotmail.com',0,NULL,NULL,'2019-06-04 14:46:21','0000-00-00 00:00:00'),(342,'Gabriel Da Costa Medeiros De Souza','gabrieldacosta023@gmail.com',0,NULL,NULL,'2019-06-04 14:46:21','0000-00-00 00:00:00'),(343,'Gabriel Gomes De Oliveira Costa','gabriel2011.time@hotmail.com',0,NULL,NULL,'2019-06-04 14:46:21','0000-00-00 00:00:00'),(344,'Guilherme Domingos Felix Mendes','guilhermecappel@hotmail.com',0,NULL,NULL,'2019-06-04 14:46:21','0000-00-00 00:00:00'),(345,'Lucas Emanuel Andrada Barboza','lucasandrada2018@gmail.com',0,NULL,NULL,'2019-06-04 14:46:21','0000-00-00 00:00:00'),(346,'Paulo Henrique Coelho Ferreira','paulodelta01@hotmail.com',0,NULL,NULL,'2019-06-04 14:46:21','0000-00-00 00:00:00'),(347,'Pedro Henrique Dos Santos','pedrohenriquesantos1310@gmail.com',0,NULL,NULL,'2019-06-04 14:46:21','0000-00-00 00:00:00'),(348,'Renan Igor Alves Santana','igorextreme.ri@gmail.com',0,NULL,NULL,'2019-06-04 14:46:21','0000-00-00 00:00:00'),(349,'Samantha Cristina Da Costa','samanthaccosta1@hotmail.com',0,NULL,NULL,'2019-06-04 14:46:21','0000-00-00 00:00:00'),(350,'Samuel Santos Homem','homemsamu@gmail.com',0,NULL,NULL,'2019-06-04 14:46:21','0000-00-00 00:00:00'),(351,'Sarah Leite Dos Reis','sarynhareis@gmail.com',0,NULL,NULL,'2019-06-04 14:46:21','0000-00-00 00:00:00'),(352,'Victória Nedina Nunes','victoria-nedina@hotmail.com',0,NULL,NULL,'2019-06-04 14:46:21','0000-00-00 00:00:00'),(353,'Vinícius Moreno Rogato','viniciusmorenorogato@gmail.com',0,NULL,NULL,'2019-06-04 14:46:21','0000-00-00 00:00:00'),(354,'Amanda Rodrigues Cunha','amandacunha0904@gmail.com',0,NULL,NULL,'2019-06-04 14:46:21','0000-00-00 00:00:00'),(355,'Bianca Aparecida Bosco De Andrade','biancandrade29@gmail.com',0,NULL,NULL,'2019-06-04 14:46:21','0000-00-00 00:00:00'),(356,'Enzo Matos Reche','enzo1109@outlook.com',0,NULL,NULL,'2019-06-04 14:46:21','0000-00-00 00:00:00'),(357,'Gabriela Há Yeon Choi','gabrielahayeonchoi@gmail.com',0,NULL,NULL,'2019-06-04 14:46:21','0000-00-00 00:00:00'),(358,'Jéssica Ferreira Silva','tessifer03@gmail.com',0,NULL,NULL,'2019-06-04 14:46:21','0000-00-00 00:00:00'),(359,'Luciano Constantino','luciano.constantino@gmail.com',0,NULL,NULL,'2019-06-04 14:46:21','0000-00-00 00:00:00'),(360,'Milena Da Silva Rodrigues','milenasrodrigues1@outlook.com',0,NULL,NULL,'2019-06-04 14:46:21','0000-00-00 00:00:00'),(361,'Renata Rodrigues Alves','renatarralves@hotmail.com',0,NULL,NULL,'2019-06-04 14:46:21','0000-00-00 00:00:00'),(362,'Rodrigo Bellotti Pereira','rbellotti03@gmail.com',0,NULL,NULL,'2019-06-04 14:46:21','0000-00-00 00:00:00'),(363,'Vítor Rodrigues Medeiros Costa','vrmcostatel@gmail.com',0,NULL,NULL,'2019-06-04 14:46:21','0000-00-00 00:00:00'),(364,'Yasmin Batista Honda','yasminbatistah@gmail.com',0,NULL,NULL,'2019-06-04 14:46:21','0000-00-00 00:00:00'),(365,'Ana Beatriz Gonçalves Oliva','anabia-go@hotmail.com',0,NULL,NULL,'2019-06-04 14:52:10','0000-00-00 00:00:00'),(366,'Bianca De Melo Santana','biancasantana01@gmail.com',0,NULL,NULL,'2019-06-04 14:52:10','0000-00-00 00:00:00'),(367,'Elenildo Damião','elechina1@hotmail.com',0,NULL,NULL,'2019-06-04 14:52:10','0000-00-00 00:00:00'),(368,'Gabriela Paula Silva Alves','gabrielapaulasilvaalves@gmail.com',0,NULL,NULL,'2019-06-04 14:52:10','0000-00-00 00:00:00'),(369,'Gabriel Fioravante Di Sciascio','gabrielvonfds@gmail.com',0,NULL,NULL,'2019-06-04 14:52:10','0000-00-00 00:00:00'),(370,'Gabrielly Stefanie Yacabo De Carvalho','gabyacabo@hotmail.com',0,NULL,NULL,'2019-06-04 14:52:10','0000-00-00 00:00:00'),(371,'Graziele Rodrigues Da Silva','grazi.rodrigues392@gmail.com',0,NULL,NULL,'2019-06-04 14:52:10','0000-00-00 00:00:00'),(372,'Isabela Sanches Firmino','isabellasanfer@hotmail.com',0,NULL,NULL,'2019-06-04 14:52:10','0000-00-00 00:00:00'),(373,'Juliana Manna Sciolny','rosamanna@hotmail.com',0,NULL,NULL,'2019-06-04 14:52:10','0000-00-00 00:00:00'),(374,'Luisa Pataquini Dos Santos','luisapataquini@hotmail.com',0,NULL,NULL,'2019-06-04 14:52:10','0000-00-00 00:00:00'),(375,'João Victor Pereira dos Santos','joaosnts@outlook.com',0,NULL,NULL,'2019-06-04 14:52:10','0000-00-00 00:00:00'),(376,'Marcela Modesto Stefanelli','marcelamstefanelli@gmail.com',0,NULL,NULL,'2019-06-04 14:52:11','0000-00-00 00:00:00'),(377,'Maria Paula Nobrega Higa','mariahiga01@gmail.com',0,NULL,NULL,'2019-06-04 14:52:11','0000-00-00 00:00:00'),(378,'Micaelle Dos Anjos Flavio','micaelle.anjos67@gmail.com',0,NULL,NULL,'2019-06-04 14:52:11','0000-00-00 00:00:00'),(379,'Paula Regina Leão Michel','paularegina396@gmail.com',0,NULL,NULL,'2019-06-04 14:52:11','0000-00-00 00:00:00'),(380,'Robson Martins De Oliveira','rbigao30@gmail.com',0,NULL,NULL,'2019-06-04 14:52:11','0000-00-00 00:00:00'),(381,'Vinicius Kazuhide Ohzeki Nakatani','vinicius.ohzeki@gmail.com',0,NULL,NULL,'2019-06-04 14:52:11','0000-00-00 00:00:00'),(382,'Amanda Aparecida Rocha Ireno','amandarochaireno@hotmail.com',0,NULL,NULL,'2019-06-04 14:52:11','0000-00-00 00:00:00'),(383,'Breno Campanhan Polidoro','breno.polidoro@gmail.com',0,NULL,NULL,'2019-06-04 14:52:11','0000-00-00 00:00:00'),(384,'Beatriz Almeida Da Silva','beatrzalmeida16@gmail.com',0,NULL,NULL,'2019-06-04 14:52:11','0000-00-00 00:00:00'),(385,'Eduardo Machado Nery Dos Santos','edu.mns@gmail.com',0,NULL,NULL,'2019-06-04 14:52:11','0000-00-00 00:00:00'),(386,'Felipe Eduardo Vieira Machado','felipe138m@gmail.com',0,NULL,NULL,'2019-06-04 14:52:11','0000-00-00 00:00:00'),(387,'Guilherme De Medeiros','gdm_1999@outlook.com',0,NULL,NULL,'2019-06-04 14:52:11','0000-00-00 00:00:00'),(388,'Guilherme Gimenes Liao','guizito.liao@gmail.com',0,NULL,NULL,'2019-06-04 14:52:11','0000-00-00 00:00:00'),(389,'Guilherme Santos Lima','contato.gslima@gmail.com',0,NULL,NULL,'2019-06-04 14:52:11','0000-00-00 00:00:00'),(390,'Isabella Araújo','isabellaaraujooliveira13@gmail.com',0,NULL,NULL,'2019-06-04 14:52:11','0000-00-00 00:00:00'),(391,'Juliana Satoko Hagiwara Miura','carlos.miura@uol.com.br',0,NULL,NULL,'2019-06-04 14:52:11','0000-00-00 00:00:00'),(392,'Leonardo Pires De Oliveira','leo-gart@hotmail.com',0,NULL,NULL,'2019-06-04 14:52:11','0000-00-00 00:00:00'),(393,'Paula Mika Ogata','ogata.mpaula@gmail.com',0,NULL,NULL,'2019-06-04 14:52:11','0000-00-00 00:00:00'),(394,'Thiago Felipe De Oliveira Santos','thi.tt@hotmail.com',0,NULL,NULL,'2019-06-04 14:52:11','0000-00-00 00:00:00'),(395,'Veronica Casagrande','veco.veronica@gmail.com',0,NULL,NULL,'2019-06-04 14:52:11','0000-00-00 00:00:00'),(396,'Weslley Dias Gomes','weslleydgomes28@gmail.com',0,NULL,NULL,'2019-06-04 14:52:11','0000-00-00 00:00:00'),(397,'Bárbara De Araújo Gonçalves','babiaraujo54@gmail.com',0,NULL,NULL,'2019-06-13 10:23:06','0000-00-00 00:00:00'),(398,'Daniel Gomes','daniel.djgomes@outlook.com',0,NULL,NULL,'2019-06-13 10:23:06','0000-00-00 00:00:00'),(399,'Daniel Kenzo Iwata','danielkenzo021@gmail.com',0,NULL,NULL,'2019-06-13 10:23:06','0000-00-00 00:00:00'),(400,'Felipe Salom Linhares','felipesl2002@gmail.com',0,NULL,NULL,'2019-06-13 10:23:06','0000-00-00 00:00:00'),(401,'Gabriel Gimenes Cardoso Silva','gabrielgimenes7@hotmail.com',0,NULL,NULL,'2019-06-13 10:23:06','0000-00-00 00:00:00'),(402,'Heloise Cale Da Rocha','heloise_rocha@hotmail.com',0,NULL,NULL,'2019-06-13 10:23:06','0000-00-00 00:00:00'),(403,'Lucas Mateus Silva De Souza','lucas_12mateus@hotmail.com',0,NULL,NULL,'2019-06-13 10:23:06','0000-00-00 00:00:00'),(404,'Murilo De Assis Cabral','assiscmurilo@gmail.com',0,NULL,NULL,'2019-06-13 10:23:06','0000-00-00 00:00:00'),(405,'Pedro Davi De Souza','pedro_davi7@hotmail.com',0,NULL,NULL,'2019-06-13 10:23:06','0000-00-00 00:00:00'),(406,'Pedro Zaghetto Plácido','pezagpla@gmail.com',0,NULL,NULL,'2019-06-13 10:23:06','0000-00-00 00:00:00'),(407,'Rafael Ferreira Viana','rafa.viana0204@gmail.com',0,NULL,NULL,'2019-06-13 10:23:07','0000-00-00 00:00:00'),(408,'Rafael Jardim Eleutério','rafaeljardim99@gmail.com',0,NULL,NULL,'2019-06-13 10:23:07','0000-00-00 00:00:00'),(409,'Raimundo Vinícius Silva De Arruda','raiplaneta@hotmail.com',0,NULL,NULL,'2019-06-13 10:23:07','0000-00-00 00:00:00'),(410,'Rebeca Sales Ribeiro Alves','rebecasales909@gmail.com',0,NULL,NULL,'2019-06-13 10:23:07','0000-00-00 00:00:00'),(411,'Thiago Menezes Geccherle Pereira','thiagogeccherle@gmail.com',0,NULL,NULL,'2019-06-13 10:23:07','0000-00-00 00:00:00'),(412,'Ariel Elliot Salles Dos Santos','arielsalles11@gmail.com',0,NULL,NULL,'2019-06-13 10:23:07','0000-00-00 00:00:00'),(413,'Bianca Barboza Bertolotto','bibertolotto@gmail.com',0,NULL,NULL,'2019-06-13 10:23:07','0000-00-00 00:00:00'),(414,'Bianca Thais De Lima','biancathaislima@hotmail.com',0,NULL,NULL,'2019-06-13 10:23:07','0000-00-00 00:00:00'),(415,'Bria Cisi Ramos','cisibria@gmail.com',0,NULL,NULL,'2019-06-13 10:23:07','0000-00-00 00:00:00'),(416,'Eduardo Henrique Toral Cortez','ehtoral@hotmail.com',0,NULL,NULL,'2019-06-13 10:23:07','0000-00-00 00:00:00'),(417,'Giovanna Furquim Moreschi','gfmoreschj@gmail.com',0,NULL,NULL,'2019-06-13 10:23:07','0000-00-00 00:00:00'),(418,'Giovanna Regazolli Almeida Testi','giovannatesti.24@gmail.com',0,NULL,NULL,'2019-06-13 10:23:07','0000-00-00 00:00:00'),(419,'Ivan Assolant Vencato','ivencato@gmail.com',0,NULL,NULL,'2019-06-13 10:23:07','0000-00-00 00:00:00'),(420,'Larissa Aguiar Dos Santos','larissa.aguiardsantos@gmail.com',0,NULL,NULL,'2019-06-13 10:23:07','0000-00-00 00:00:00'),(421,'Larissa Gonzaga Hilário','larighilario@hotmail.com',0,NULL,NULL,'2019-06-13 10:23:07','0000-00-00 00:00:00'),(422,'Mônica Massako Watanabe','monica.watanabe@gmail.com',0,NULL,NULL,'2019-06-13 10:23:07','0000-00-00 00:00:00'),(423,'Paloma Cristina Santana','santanagilberto@uol.com.br',0,NULL,NULL,'2019-06-13 10:23:07','0000-00-00 00:00:00'),(424,'Patrick Rafael Rodrigues Dos Santos','prrs.hs@gmail.com',0,NULL,NULL,'2019-06-13 10:23:07','0000-00-00 00:00:00'),(425,'Rubens Coelho Saad','coelhorubens97@gmail.com',0,NULL,NULL,'2019-06-13 10:23:07','0000-00-00 00:00:00'),(426,'Samuel Costa Calvo Motrico','samuel-motrico@bol.com.br',0,NULL,NULL,'2019-06-13 10:23:07','0000-00-00 00:00:00'),(427,'Vitória Lopes De Sousa','vitoria2011sp@gmail.com',0,NULL,NULL,'2019-06-13 10:23:07','0000-00-00 00:00:00'),(428,'Victor Aguiar De Medeiros','bettercallvictor@hotmail.com',0,NULL,NULL,'2019-06-13 10:23:07','0000-00-00 00:00:00'),(429,'Raghad Alzaeem','tenawi_sy@hotmail.com',0,NULL,NULL,'2019-06-13 14:31:00','0000-00-00 00:00:00'),(430,'Ayman Al Tinaoui','aymant1980@hotmail.com',0,NULL,NULL,'2019-06-13 14:32:34','0000-00-00 00:00:00');

/*Table structure for table `cert_certificados` */

DROP TABLE IF EXISTS `cert_certificados`;

CREATE TABLE `cert_certificados` (
  `id_certificado` int(11) NOT NULL AUTO_INCREMENT,
  `nome_certificado` varchar(255) DEFAULT NULL,
  `template_certificado` varchar(255) DEFAULT NULL,
  `texto_certificado` varchar(255) DEFAULT NULL,
  `created_certificado` timestamp NOT NULL DEFAULT CURRENT_TIMESTAMP,
  PRIMARY KEY (`id_certificado`)
) ENGINE=InnoDB AUTO_INCREMENT=5 DEFAULT CHARSET=utf8;

/*Data for the table `cert_certificados` */

insert  into `cert_certificados`(`id_certificado`,`nome_certificado`,`template_certificado`,`texto_certificado`,`created_certificado`) values (1,'NTE - antigo','templates/cert_padrao.php',NULL,'2018-07-16 14:31:38'),(2,'REA','templates/cert_rea.php',NULL,'2018-07-16 14:31:46'),(3,'LÍNGUAS','templates/cert_linguas.php',NULL,'2019-04-29 15:11:55'),(4,'NETEL','templates/cert_netel.php',NULL,'2019-07-03 09:45:17');

/*Table structure for table `cert_cursos` */

DROP TABLE IF EXISTS `cert_cursos`;

CREATE TABLE `cert_cursos` (
  `id_curso` int(11) NOT NULL AUTO_INCREMENT,
  `nomeCurso` varchar(255) NOT NULL,
  `edital` varchar(255) DEFAULT NULL,
  `dataIni` varchar(255) NOT NULL,
  `dataFim` varchar(255) NOT NULL,
  `cargaHoraria` varchar(255) DEFAULT NULL,
  `id_certificado` varchar(10) DEFAULT NULL,
  `nivel` varchar(10) DEFAULT NULL,
  `created` timestamp NULL DEFAULT CURRENT_TIMESTAMP,
  `modified` timestamp NULL DEFAULT '0000-00-00 00:00:00',
  PRIMARY KEY (`id_curso`)
) ENGINE=InnoDB AUTO_INCREMENT=21 DEFAULT CHARSET=utf8;

/*Data for the table `cert_cursos` */

insert  into `cert_cursos`(`id_curso`,`nomeCurso`,`edital`,`dataIni`,`dataFim`,`cargaHoraria`,`id_certificado`,`nivel`,`created`,`modified`) values (1,'FORMAÇÃO DE TUTORES PARA EDUCAÇÃO A DISTÂNCIA','FTEAD-2017.3','18 de setembro de 2017','04 de dezembro de 2017','60','1',NULL,'2018-02-16 14:30:51','0000-00-00 00:00:00'),(2,'NOVAS TECNOLOGIAS E METODOLOGIAS PARA A EDUCAÇÃO','NTME_2017_B','07 de junho de 2017','23 de agosto de 2017','60','1',NULL,'2017-09-20 17:49:36','0000-00-00 00:00:00'),(3,'NOVAS TECNOLOGIAS E METODOLOGIAS PARA A EDUCAÇÃO','NTME_Q3_2017','27 de setembro de 2017','06 de dezembro de 2017','60','1',NULL,'2018-02-20 18:18:49','0000-00-00 00:00:00'),(4,'NOVAS TECNOLOGIAS E METODOLOGIAS PARA A EDUCAÇÃO','NTME_Q1_2018','21 de fevereiro de 2018','16 de maio de 2018','60','1',NULL,'2018-06-13 14:07:33','0000-00-00 00:00:00'),(5,'RECURSOS EDUCACIONAIS ABERTOS','75/2014','16/04/2018','27/07/2018','60','2',NULL,'2018-08-15 16:27:35','0000-00-00 00:00:00'),(6,'METODOLOGIA PARA O DESENVOLVIMENTO DE OBJETOS DE APRENDIZAGEM','OA-01Q/2016','18/02/2016','03/05/2016','50','1',NULL,'2019-03-27 15:08:42','0000-00-00 00:00:00'),(9,'Módulo ELEMENTAR I do Curso de Italiano Presencial - CIP','IT/2019','20/02/2019','10/05/2019','40','3','A1','2019-05-28 15:17:20','0000-00-00 00:00:00'),(10,'Módulo PRÉ-INTERMEDIÁRIO II do Curso de Português para Falantes de Outras Línguas - CPFOL','CPFOL/2019','19/02/2019','14/05/2019','60','3','A2','2019-05-30 15:51:24','0000-00-00 00:00:00'),(11,'Módulo ELEMENTAR I do Curso de Português para Falantes de Outras Línguas - CPFOL','CPFOL-A1.1/2019','19/02/2019','14/05/2019','60','3','A1','2019-05-30 16:02:17','0000-00-00 00:00:00'),(12,'Módulo PRÉ-INTERMEDIÁRIO II do Curso de Francês Presencial - CFP','CFP/2019-A2.2','20/02/2019','03/05/2019','50','3','A2','2019-05-30 17:01:26','0000-00-00 00:00:00'),(13,'Módulo PRÉ-INTERMEDIÁRIO II do Curso de Língua Inglesa Presencial - CLIP','CLIP-2019/01','12/02/2019','14/05/2019','70','3','A2','2019-05-30 17:19:19','0000-00-00 00:00:00'),(14,'Módulo INTERMEDIÁRIO II do Curso de Língua Inglesa Presencial - CLIP','CLIP-B1.2-2019/01','13/02/2019','15/05/2019','70','3','B1','2019-05-30 17:27:41','0000-00-00 00:00:00'),(15,'Módulo ELEMENTAR II do Curso de Língua Inglesa Presencial - CLIP','CLIP-2019/01-A1.2','18/02/2019','08/05/2019','60','3','A1','2019-05-30 17:35:38','0000-00-00 00:00:00'),(16,'Módulo PÓS-INTERMEDIÁRIO II do Curso de Língua Inglesa Presencial - CLIP','CLIP-B2.2-2019/01','13/02/2019','15/05/2019','70','3','B2','2019-06-04 13:46:28','0000-00-00 00:00:00'),(17,'Módulo ELEMENTAR I do Curso de Língua Inglesa Presencial - CLIP','CLIP-A1.1-2019/01','18/03/2019','31/05/2019','60','3','A1','2019-06-04 14:40:45','0000-00-00 00:00:00'),(18,'Módulo ELEMENTAR I do Curso de Espanhol - CPE','CPE-A1-2019-01','18/03/2019','31/05/2019','60','3','A1','2019-06-04 14:49:54','0000-00-00 00:00:00'),(19,'Módulo ELEMENTAR I do Curso de Francês Presencial - CFP','CPF-Elem-I','18/03/2019','20/05/2019','50','3','A1','2019-06-13 10:15:23','0000-00-00 00:00:00');

/*Table structure for table `cert_log_notificacao` */

DROP TABLE IF EXISTS `cert_log_notificacao`;

CREATE TABLE `cert_log_notificacao` (
  `id_notificacao` int(11) NOT NULL AUTO_INCREMENT,
  `id_curso` int(11) NOT NULL,
  `type` varchar(50) NOT NULL,
  `id_aluno` int(11) DEFAULT NULL,
  `last_sent_by` varchar(100) NOT NULL,
  `last_sent` datetime NOT NULL,
  PRIMARY KEY (`id_notificacao`)
) ENGINE=InnoDB AUTO_INCREMENT=45 DEFAULT CHARSET=utf8;

/*Data for the table `cert_log_notificacao` */

insert  into `cert_log_notificacao`(`id_notificacao`,`id_curso`,`type`,`id_aluno`,`last_sent_by`,`last_sent`) values (5,5,'single',163,'gustavo.castilho','2018-10-16 14:50:56'),(6,5,'single',163,'gustavo.castilho','2018-10-16 14:50:56'),(7,5,'single',163,'gustavo.castilho','2018-10-16 14:50:56'),(8,5,'single',163,'gustavo.castilho','2018-10-16 14:50:56'),(9,5,'single',163,'gustavo.castilho','2018-10-16 14:50:56'),(10,5,'single',163,'gustavo.castilho','2018-10-16 14:50:56'),(11,5,'single',163,'gustavo.castilho','2018-10-16 14:50:56'),(12,5,'single',163,'gustavo.castilho','2018-10-16 14:50:56'),(13,5,'single',163,'gustavo.castilho','2018-10-16 14:50:56'),(14,5,'single',174,'gustavo.castilho','2018-10-16 14:51:11'),(15,5,'single',139,'gustavo.castilho','2018-10-16 14:51:23'),(16,5,'single',140,'gustavo.castilho','2018-10-16 14:51:37'),(17,5,'single',144,'gustavo.castilho','2018-10-16 14:51:48'),(18,5,'single',146,'gustavo.castilho','2018-10-16 14:52:02'),(19,5,'single',173,'gustavo.castilho','2018-10-16 14:52:11'),(20,5,'single',155,'gustavo.castilho','2019-01-10 14:24:40'),(21,5,'single',162,'gustavo.castilho','2019-01-10 14:25:37'),(22,5,'single',166,'gustavo.castilho','2019-01-29 13:06:59'),(23,6,'single',15,'fabio.akira','2019-07-03 10:31:19'),(24,6,'single',15,'fabio.akira','2019-07-03 10:31:19'),(25,9,'all',NULL,'fabio.akira','2019-06-25 16:49:53'),(26,10,'all',NULL,'fabio.akira','2019-06-25 16:10:52'),(27,11,'all',NULL,'fabio.akira','2019-06-25 16:10:42'),(28,12,'all',NULL,'fabio.akira','2019-06-25 16:10:35'),(29,13,'all',NULL,'fabio.akira','2019-06-25 15:13:01'),(30,14,'all',NULL,'fabio.akira','2019-06-25 15:12:51'),(31,15,'all',NULL,'fabio.akira','2019-06-25 14:23:55'),(32,16,'all',NULL,'fabio.akira','2019-06-25 14:23:37'),(33,17,'all',NULL,'fabio.akira','2019-06-25 12:57:20'),(34,18,'all',NULL,'fabio.akira','2019-06-25 11:16:55'),(35,11,'all',NULL,'fabio.akira','2019-06-25 16:10:42'),(36,19,'all',NULL,'fabio.akira','2019-06-25 11:16:46'),(37,11,'all',NULL,'fabio.akira','2019-06-25 16:10:42'),(38,20,'all',NULL,'fabio.akira','2019-07-03 10:38:55'),(39,1,'all',NULL,'fabio.akira','0000-00-00 00:00:00'),(40,2,'all',NULL,'fabio.akira','0000-00-00 00:00:00'),(41,3,'all',NULL,'fabio.akira','0000-00-00 00:00:00'),(42,4,'all',NULL,'fabio.akira','0000-00-00 00:00:00'),(43,5,'all',NULL,'fabio.akira','0000-00-00 00:00:00'),(44,6,'all',NULL,'fabio.akira','0000-00-00 00:00:00');

/*Table structure for table `cert_nivel_idiomas` */

DROP TABLE IF EXISTS `cert_nivel_idiomas`;

CREATE TABLE `cert_nivel_idiomas` (
  `id_nivel_idiomas` int(11) NOT NULL AUTO_INCREMENT,
  `id_aluno` int(11) NOT NULL,
  `id_curso` int(11) NOT NULL,
  `nivel` varchar(10) DEFAULT NULL,
  PRIMARY KEY (`id_nivel_idiomas`),
  KEY `id_aluno` (`id_aluno`),
  KEY `id_curso` (`id_curso`),
  CONSTRAINT `cert_nivel_idiomas_ibfk_1` FOREIGN KEY (`id_aluno`) REFERENCES `cert_alunos` (`id_aluno`) ON DELETE CASCADE ON UPDATE CASCADE,
  CONSTRAINT `cert_nivel_idiomas_ibfk_2` FOREIGN KEY (`id_curso`) REFERENCES `cert_cursos` (`id_curso`) ON DELETE CASCADE ON UPDATE CASCADE
) ENGINE=InnoDB DEFAULT CHARSET=utf8;

/*Data for the table `cert_nivel_idiomas` */

/*!40101 SET SQL_MODE=@OLD_SQL_MODE */;
/*!40014 SET FOREIGN_KEY_CHECKS=@OLD_FOREIGN_KEY_CHECKS */;
/*!40014 SET UNIQUE_CHECKS=@OLD_UNIQUE_CHECKS */;
/*!40111 SET SQL_NOTES=@OLD_SQL_NOTES */;
